game,numbers,date,jackpot,winners
Megalotto 6/45,32-23-28-38-26-17,10/7/2026,96418628.55,0
Megalotto 6/45,13-25-03-02-12-21,10/5/2026,92169920.96,0
Megalotto 6/45,04-24-16-14-43-39,10/2/2026,87778065.45,0
Megalotto 6/45,41-35-29-23-20-06,9/30/2026,83372178.85,0
Megalotto 6/45,21-14-19-38-40-02,9/28/2026,79282083.39,0
Megalotto 6/45,37-33-38-14-45-32,9/25/2026,75233668.75,0
Megalotto 6/45,44-05-04-40-45-07,9/23/2026,71193623.60,0
Megalotto 6/45,36-43-07-02-28-39,9/21/2026,67374234.81,0
Megalotto 6/45,24-09-04-01-40-14,9/18/2026,63_437_123.20,0
Megalotto 6/45,24-28-31-12-04-32,9/16/2026,58_995_759.32,0
Megalotto 6/45,45-04-18-43-17-10,9/14/2026,55_377_034.55,0
Megalotto 6/45,12-18-14-34-24-45,9/11/2026,51_732_260.44,0
Megalotto 6/45,43-35-38-15-30-26,9/9/2026,48_135_242.07,0
Megalotto 6/45,17-42-20-16-33-09,9/7/2026,44_766_052.23,0
Megalotto 6/45,26-38-17-35-11-16,9/4/2026,41_598_513.75,0
Megalotto 6/45,34-22-25-02-05-29,9/2/2026,38_256_169.24,0
Megalotto 6/45,32-06-23-25-18-21,8/31/2026,34_988_306.20,0
Megalotto 6/45,37-34-31-28-14-24,8/28/2026,31_690_805.65,0
Megalotto 6/45,17-02-27-23-07-43,8/26/2026,28_696_002.78,0
Megalotto 6/45,40-44-08-36-12-32,8/24/2026,25_692_398.58,0
Megalotto 6/45,05-14-19-25-22-13,8/21/2026,22_588_873.99,0
Megalotto 6/45,19-40-32-01-26-43,8/19/2026,19_513_135.07,0
Megalotto 6/45,41-01-43-30-10-33,8/17/2026,16_649_127.40,0
Megalotto 6/45,29-34-32-09-38-19,8/14/2026,15_000_000.00,0
Megalotto 6/45,25-37-11-26-02-22,8/12/2026,15_000_000.00,0
Megalotto 6/45,39-27-37-19-23-05,8/10/2026,15_000_000.00,0
Megalotto 6/45,12-06-21-32-25-03,8/7/2026,15_000_000.00,0
Megalotto 6/45,02-11-29-31-28-06,8/5/2026,15_000_000.00,0
Megalotto 6/45,27-29-34-08-32-36,8/3/2026,15_000_000.00,1
Megalotto 6/45,05-08-29-12-38-31,7/31/2026,15_000_000.00,0
Megalotto 6/45,22-39-43-07-13-08,7/29/2026,15_000_000.00,0
Megalotto 6/45,14-42-34-26-05-37,7/27/2026,15_000_000.00,0
Megalotto 6/45,14-20-19-31-02-11,7/24/2026,20_899_725.81,1
Megalotto 6/45,08-14-39-29-01-13,7/22/2026,17_800_795.73,0
Megalotto 6/45,11-38-08-05-19-42,7/20/2026,15_000_000.00,0
Megalotto 6/45,17-42-10-15-06-14,7/17/2026,15_000_000.00,0
Megalotto 6/45,04-24-45-09-44-21,7/15/2026,15_000_000.00,0
Megalotto 6/45,43-32-26-22-16-33,7/13/2026,15_000_000.00,0
Megalotto 6/45,43-31-01-44-25-40,7/10/2026,15_000_000.00,0
Megalotto 6/45,13-05-30-25-22-11,7/8/2026,15_000_000.00,1
Megalotto 6/45,03-36-06-32-16-45,7/6/2026,15_000_000.00,0
Megalotto 6/45,43-02-13-05-36-01,7/3/2026,97_966_977.93,1
Megalotto 6/45,04-02-36-19-24-17,7/1/2026,93_074_075.44,0
Megalotto 6/45,33-13-06-21-18-44,6/29/2026,87_900_272.40,0
Megalotto 6/45,09-41-22-45-05-10,6/26/2026,83_005_546.94,0
Megalotto 6/45,41-29-27-21-33-19,6/24/2026,78_580_468.32,0
Megalotto 6/45,28-03-24-31-18-16,6/22/2026,73_961_863.30,0
Megalotto 6/45,27-15-09-13-12-08,6/19/2026,69_223_289.48,0
Megalotto 6/45,34-35-09-10-19-32,6/17/2026,65_011_179.41,0
Megalotto 6/45,44-14-10-21-35-18,6/15/2026,60_460_246.55,0
Megalotto 6/45,44-13-22-14-04-33,6/12/2026,55_974_482.40,0
Megalotto 6/45,14-45-44-42-28-20,6/10/2026,52_078_362.76,0
Megalotto 6/45,20-27-43-15-04-14,6/8/2026,47_913_154.68,0
Megalotto 6/45,01-38-18-42-04-44,6/5/2026,43_744_766.73,0
Megalotto 6/45,23-45-06-18-04-02,6/3/2026,39_948_344.77,0
Megalotto 6/45,28-38-41-35-40-05,6/1/2026,36_124_029.88,0
Megalotto 6/45,27-45-38-35-25-10,5/29/2026,32_333_006.68,0
Megalotto 6/45,23-08-09-36-43-18,5/27/2026,28_760_977.68,0
Megalotto 6/45,21-13-43-28-05-17,5/25/2026,25_359_201.44,0
Megalotto 6/45,27-09-42-37-34-03,5/22/2026,21_822_707.74,0
Megalotto 6/45,16-45-11-32-23-37,5/20/2026,18_546_872.34,0
Megalotto 6/45,39-24-07-04-37-23,5/18/2026,15_451_056.13,0
Megalotto 6/45,12-27-42-33-15-01,5/15/2026,15_000_000.00,0
Megalotto 6/45,31-33-45-29-16-23,5/13/2026,15_000_000.00,0
Megalotto 6/45,19-21-39-41-38-44,5/11/2026,15_000_000.00,0
Megalotto 6/45,04-32-23-12-22-09,5/8/2026,15_000_000.00,0
Megalotto 6/45,01-03-24-18-11-10,5/6/2026,15_000_000.00,1
Megalotto 6/45,34-28-21-41-08-05,5/4/2026,15_000_000.00,0
Megalotto 6/45,19-08-23-41-04-11,5/1/2026,15_000_000.00,0
Megalotto 6/45,27-35-23-22-43-33,4/29/2026,15_000_000.00,0
Megalotto 6/45,06-04-05-27-34-11,4/27/2026,45_568_562.29,2
Megalotto 6/45,41-15-38-11-33-43,4/24/2026,41_679_165.33,0
Megalotto 6/45,10-37-11-43-18-15,4/22/2026,37_882_594.88,0
Megalotto 6/45,34-12-29-08-27-17,4/20/2026,34_154_880.29,0
Megalotto 6/45,41-12-32-08-30-24,4/17/2026,30_311_222.26,0
Megalotto 6/45,27-21-26-37-39-43,4/15/2026,26_616_490.02,0
Megalotto 6/45,39-19-26-17-02-44,4/13/2026,23_059_737.57,0
Megalotto 6/45,16-19-09-07-05-44,4/10/2026,19_548_917.90,0
Megalotto 6/45,22-25-37-15-05-28,4/8/2026,16_222_728.43,0
Megalotto 6/45,13-33-37-10-44-19,4/6/2026,15_000_000.00,0
Megalotto 6/45,20-11-17-16-03-37,4/1/2026,15_000_000.00,0
Megalotto 6/45,03-27-24-07-43-13,3/30/2026,15_000_000.00,0
Megalotto 6/45,19-38-36-31-27-02,3/27/2026,15_000_000.00,0
Megalotto 6/45,17-24-15-29-10-05,3/25/2026,15_000_000.00,1
Megalotto 6/45,24-43-28-08-04-27,3/23/2026,15_000_000.00,0
Megalotto 6/45,31-28-19-25-04-03,3/20/2026,15_000_000.00,0
Megalotto 6/45,10-34-01-12-45-41,3/18/2026,15_000_000.00,0
Megalotto 6/45,45-34-06-14-24-08,3/16/2026,20_803_484.37,1
Megalotto 6/45,32-05-14-42-41-37,3/13/2026,17_127_699.35,0
Megalotto 6/45,19-36-10-23-31-20,3/11/2026,15_000_000.00,0
Megalotto 6/45,23-24-03-38-04-21,3/9/2026,15_000_000.00,0
Megalotto 6/45,33-37-02-27-04-31,3/6/2026,15_000_000.00,0
Megalotto 6/45,08-28-18-06-35-42,3/4/2026,15_000_000.00,0
Megalotto 6/45,12-25-45-40-33-27,3/2/2026,17_977_214.41,1
Megalotto 6/45,39-30-26-29-43-15,2/27/2026,15_000_000.00,0
Megalotto 6/45,40-03-25-15-22-02,2/25/2026,15_000_000.00,0
Megalotto 6/45,39-40-30-04-17-22,2/23/2026,15_000_000.00,0
Megalotto 6/45,02-31-14-20-28-17,2/20/2026,15_000_000.00,0
Megalotto 6/45,35-05-45-04-38-23,2/18/2026,15_000_000.00,1
Megalotto 6/45,21-17-10-06-03-34,2/16/2026,15_000_000.00,0
Megalotto 6/45,45-08-43-03-06-32,2/13/2026,15_000_000.00,0
Megalotto 6/45,17-15-32-45-40-12,2/11/2026,37_032_365.47,1
Megalotto 6/45,04-14-30-20-18-13,2/9/2026,32_709_413.77,0
Megalotto 6/45,38-35-02-44-22-39,2/6/2026,28_320_023.07,0
Megalotto 6/45,03-12-31-43-22-11,2/4/2026,24_129_169.85,0
Megalotto 6/45,25-06-21-01-28-10,2/2/2026,19_623_493.37,0
Megalotto 6/45,04-03-08-42-40-33,1/30/2026,15_223_148.60,0
Megalotto 6/45,27-35-09-08-04-03,1/28/2026,11_144_094.80,0
Megalotto 6/45,25-22-24-42-04-33,1/26/2026,8_910_000.00,0
Megalotto 6/45,16-01-31-27-04-43,1/23/2026,8_910_000.00,0
Megalotto 6/45,28-12-02-15-23-13,1/21/2026,33_350_760.40,2
Megalotto 6/45,03-15-41-10-43-17,1/19/2026,28_466_081.20,0
Megalotto 6/45,42-31-06-10-40-37,1/16/2026,23_773_759.60,0
Megalotto 6/45,43-05-10-03-16-04,1/14/2026,19_437_030.20,0
Megalotto 6/45,09-05-11-21-06-02,1/12/2026,15_293_132.00,0
Megalotto 6/45,43-35-18-16-25-13,1/9/2026,11_187_537.00,0
Megalotto 6/45,06-03-07-24-21-09,1/7/2026,8_910_000.00,0
Megalotto 6/45,09-02-03-27-21-45,1/5/2026,8_910_000.00,0
Megalotto 6/45,44-21-19-10-18-11,1/2/2026,14_435_567.00,1
Megalotto 6/45,11-20-17-22-08-26,12/31/2025,11_021_530.00,0
Megalotto 6/45,05-35-19-38-34-08,12/29/2025,8_910_000.00,0
Megalotto 6/45,36-20-18-32-06-24,12/26/2025,8_910_000.00,0
Megalotto 6/45,27-24-12-18-42-03,12/24/2025,13_829_620.60,1
Megalotto 6/45,04-41-15-16-14-36,12/22/2025,10_504_328.80,0
Megalotto 6/45,07-43-35-44-33-41,12/19/2025,8_910_000.00,0
Megalotto 6/45,36-27-07-04-35-14,12/17/2025,8_910_000.00,0
Megalotto 6/45,10-21-23-30-01-15,12/15/2025,25_111_918.20,1
Megalotto 6/45,27-10-24-06-25-20,12/12/2025,21_235_078.20,0
Megalotto 6/45,30-42-15-25-40-28,12/10/2025,17_420_554.60,0
Megalotto 6/45,04-10-30-19-08-38,12/8/2025,13_840_806.80,0
Megalotto 6/45,13-03-45-42-21-04,12/5/2025,10_293_441.60,0
Megalotto 6/45,01-45-31-05-29-19,12/3/2025,8_910_000.00,0
Megalotto 6/45,22-07-01-12-28-37,12/1/2025,8_910_000.00,0
Megalotto 6/45,01-05-37-31-18-19,11/28/2025,8_910_000.00,1
Megalotto 6/45,29-22-25-37-41-34,11/26/2025,84_182_510.00,1
Megalotto 6/45,25-14-28-17-20-41,11/24/2025,79_205_340.60,0
Megalotto 6/45,19-02-41-24-04-39,11/21/2025,74_266_503.20,0
Megalotto 6/45,27-33-24-29-13-05,11/19/2025,69_295_109.20,0
Megalotto 6/45,28-31-04-16-24-41,11/17/2025,64_645_410.60,0
Megalotto 6/45,22-14-16-23-36-04,11/14/2025,59_850_072.40,0
Megalotto 6/45,14-26-31-36-25-45,11/12/2025,55_425_587.60,0
Megalotto 6/45,38-27-17-23-31-06,11/10/2025,51_306_254.00,0
Megalotto 6/45,24-28-36-42-34-08,11/7/2025,47_762_873.80,0
Megalotto 6/45,28-09-45-34-25-32,11/5/2025,43_660_828.80,0
Megalotto 6/45,01-32-41-43-21-45,11/3/2025,39_705_010.40,0
Megalotto 6/45,08-27-45-42-33-15,10/31/2025,36_109_825.00,0
Megalotto 6/45,24-29-36-09-38-43,10/29/2025,32_180_229.60,0
Megalotto 6/45,17-09-40-21-04-03,10/27/2025,28_325_304.00,0
Megalotto 6/45,08-25-41-32-34-01,10/24/2025,24_469_530.40,0
Megalotto 6/45,05-25-10-04-08-42,10/22/2025,20_724_724.80,0
Megalotto 6/45,20-06-40-24-29-41,10/20/2025,17_099_766.40,0
Megalotto 6/45,01-25-43-18-06-23,10/17/2025,13_382_542.60,0
Megalotto 6/45,34-11-08-39-01-38,10/15/2025,9_901_989.60,0
Megalotto 6/45,38-19-16-35-18-41,10/13/2025,8_910_000.00,0
Megalotto 6/45,17-01-13-14-42-33,10/10/2025,8_910_000.00,0
Megalotto 6/45,25-28-42-17-01-22,10/8/2025,13_255_888.20,1
Megalotto 6/45,45-26-18-38-17-40,10/6/2025,9_713_362.40,0
Megalotto 6/45,42-06-01-25-17-34,10/3/2025,8_910_000.00,0
Megalotto 6/45,17-01-45-15-35-29,10/1/2025,8_910_000.00,0
Megalotto 6/45,30-20-23-40-12-14,9/29/2025,56_078_818.00,1
Megalotto 6/45,10-36-19-24-06-15,9/26/2025,51_732_871.20,0
Megalotto 6/45,42-10-32-15-29-23,9/24/2025,47_560_633.60,0
Megalotto 6/45,45-08-39-35-26-24,9/22/2025,43_568_168.00,0
Megalotto 6/45,03-40-39-41-26-33,9/19/2025,40_047_409.00,0
Megalotto 6/45,17-09-06-38-16-36,9/17/2025,35_709_957.20,0
Megalotto 6/45,20-09-21-30-43-44,9/15/2025,31_742_677.40,0
Megalotto 6/45,27-02-45-37-36-10,9/12/2025,27_778_957.40,0
Megalotto 6/45,03-05-20-42-31-38,9/10/2025,23_856_257.20,0
Megalotto 6/45,39-28-08-44-34-31,9/8/2025,20_241_744.00,0
Megalotto 6/45,04-34-31-25-18-41,9/5/2025,16_682_679.40,0
Megalotto 6/45,10-39-43-33-14-09,9/3/2025,13_103_444.80,0
Megalotto 6/45,38-03-36-15-27-33,9/1/2025,9_759_510.00,0
Megalotto 6/45,31-07-33-12-36-20,8/29/2025,8_910_000.00,0
Megalotto 6/45,37-35-39-25-27-44,8/27/2025,8_910_000.00,0
Megalotto 6/45,40-05-16-03-20-27,8/25/2025,20_523_660.60,1
Megalotto 6/45,40-33-42-06-20-17,8/22/2025,17_049_877.20,0
Megalotto 6/45,43-38-30-11-02-14,8/20/2025,13_485_257.60,0
Megalotto 6/45,19-35-16-04-42-14,8/18/2025,10_089_332.80,0
Megalotto 6/45,07-13-03-17-12-23,8/15/2025,8_910_000.00,0
Megalotto 6/45,41-36-02-08-34-30,8/13/2025,8_910_000.00,0
Megalotto 6/45,40-10-16-28-07-09,8/11/2025,38_521_162.80,2
Megalotto 6/45,04-28-02-41-01-06,8/8/2025,34_529_403.00,0
Megalotto 6/45,02-35-37-10-44-24,8/6/2025,30_373_525.80,0
Megalotto 6/45,34-16-05-33-28-24,8/4/2025,26_667_428.60,0
Megalotto 6/45,25-04-10-44-32-33,8/1/2025,22_766_141.80,0
Megalotto 6/45,25-24-29-17-05-40,7/30/2025,18_905_149.00,0
Megalotto 6/45,16-29-19-14-35-31,7/28/2025,15_412_338.40,0
Megalotto 6/45,41-14-05-36-29-27,7/25/2025,12_040_346.20,0
Megalotto 6/45,37-04-23-35-13-07,7/23/2025,8_910_000.00,0
Megalotto 6/45,44-39-45-42-09-20,7/21/2025,8_910_000.00,0
Megalotto 6/45,05-09-38-03-16-17,7/18/2025,8_910_000.00,0
Megalotto 6/45,44-30-12-24-06-35,7/16/2025,21_538_656.00,1
Megalotto 6/45,34-28-08-35-32-11,7/14/2025,17_588_988.40,0
Megalotto 6/45,25-27-24-33-35-08,7/11/2025,13_821_850.00,0
Megalotto 6/45,22-44-37-15-28-24,7/9/2025,10_352_639.60,0
Megalotto 6/45,38-01-06-07-42-12,7/7/2025,8_910_000.00,0
Megalotto 6/45,18-29-41-40-10-24,7/4/2025,8_910_000.00,0
Megalotto 6/45,38-07-16-44-15-42,7/2/2025,46_134_409.20,1
Megalotto 6/45,25-17-19-07-08-35,6/30/2025,41_001_229.80,0
Megalotto 6/45,24-25-12-43-02-42,6/27/2025,36_892_798.40,0
Megalotto 6/45,36-13-27-43-34-24,6/25/2025,32_723_870.80,0
Megalotto 6/45,23-36-42-12-19-18,6/23/2025,28_803_092.00,0
Megalotto 6/45,23-04-05-06-24-44,6/20/2025,25_002_216.60,0
Megalotto 6/45,29-15-44-05-08-31,6/18/2025,21_125_006.60,0
Megalotto 6/45,08-22-20-41-29-42,6/16/2025,17_357_253.80,0
Megalotto 6/45,12-07-35-03-30-13,6/13/2025,13_546_459.60,0
Megalotto 6/45,14-39-10-17-44-41,6/11/2025,9_996_380.20,0
Megalotto 6/45,32-02-28-15-18-08,6/9/2025,8_910_000.00,0
Megalotto 6/45,36-12-02-27-21-14,6/6/2025,8_910_000.00,0
Megalotto 6/45,42-28-04-29-10-30,6/4/2025,21_749_042.20,1
Megalotto 6/45,14-42-37-10-18-27,6/2/2025,17_723_222.80,0
Megalotto 6/45,24-01-30-26-17-04,5/30/2025,13_815_041.80,0
Megalotto 6/45,12-27-36-14-19-29,5/28/2025,10_494_427.60,0
Megalotto 6/45,17-05-29-06-01-40,5/26/2025,8_910_000.00,0
Megalotto 6/45,33-02-21-40-25-05,5/23/2025,8_910_000.00,0
Megalotto 6/45,23-25-28-19-10-18,5/21/2025,64_712_644.60,1
Megalotto 6/45,42-15-43-06-26-37,5/19/2025,59_005_030.40,0
Megalotto 6/45,42-33-43-41-08-21,5/16/2025,53_398_357.40,0
Megalotto 6/45,12-34-07-20-29-45,5/14/2025,48_482_132.40,0
Megalotto 6/45,21-34-27-44-37-41,5/12/2025,44_127_448.20,0
Megalotto 6/45,33-45-39-07-30-26,5/9/2025,40_541_906.40,0
Megalotto 6/45,07-26-04-41-03-39,5/7/2025,36_194_731.80,0
Megalotto 6/45,02-03-32-07-11-36,5/5/2025,32_176_487.00,0
Megalotto 6/45,37-25-36-12-21-35,5/2/2025,28_188_025.00,0
Megalotto 6/45,36-40-31-18-37-09,4/30/2025,24_177_594.80,0
Megalotto 6/45,39-23-44-43-08-30,4/28/2025,20_377_695.00,0
Megalotto 6/45,11-02-40-38-15-24,4/25/2025,16_765_294.80,0
Megalotto 6/45,21-14-16-33-30-25,4/23/2025,13_231_485.40,0
Megalotto 6/45,42-11-15-33-44-28,4/21/2025,9_946_651.80,0
Megalotto 6/45,05-01-28-29-44-42,4/16/2025,8_910_000.00,0
Megalotto 6/45,43-04-16-14-10-24,4/14/2025,8_910_000.00,0
Megalotto 6/45,22-24-28-05-07-25,4/11/2025,57_540_190.00,1
Megalotto 6/45,43-18-27-15-45-04,4/9/2025,52_575_447.80,0
Megalotto 6/45,05-25-06-26-32-42,4/7/2025,48_497_191.20,0
Megalotto 6/45,28-14-40-34-42-17,4/4/2025,44_217_452.00,0
Megalotto 6/45,40-34-08-29-39-35,4/2/2025,40_048_054.20,0
Megalotto 6/45,37-30-11-26-31-38,3/31/2025,36_058_419.60,0
Megalotto 6/45,28-42-37-07-03-39,3/28/2025,31_994_193.40,0
Megalotto 6/45,33-02-22-44-03-07,3/26/2025,28_270_941.00,0
Megalotto 6/45,14-17-38-01-18-19,3/24/2025,24_600_271.00,0
Megalotto 6/45,20-31-01-29-45-15,3/21/2025,20_796_402.80,0
Megalotto 6/45,38-04-39-44-23-34,3/19/2025,17_138_037.80,0
Megalotto 6/45,34-45-31-40-28-42,3/17/2025,13_678_563.40,0
Megalotto 6/45,31-01-34-33-22-16,3/14/2025,10_076_090.80,0
Megalotto 6/45,09-33-30-31-40-17,3/12/2025,8_910_000.00,0
Megalotto 6/45,22-30-10-18-33-04,3/10/2025,8_910_000.00,0
Megalotto 6/45,21-30-15-11-41-02,3/7/2025,37_101_441.60,1
Megalotto 6/45,02-41-11-24-03-36,3/5/2025,32_987_800.80,0
Megalotto 6/45,11-22-14-04-40-17,3/3/2025,29_092_478.60,0
Megalotto 6/45,02-17-01-04-39-09,2/28/2025,24_976_503.40,0
Megalotto 6/45,09-35-25-16-17-08,2/26/2025,20_949_798.80,0
Megalotto 6/45,06-07-45-34-21-20,2/24/2025,17_226_904.20,0
Megalotto 6/45,36-08-11-43-25-14,2/21/2025,13_567_830.00,0
Megalotto 6/45,35-06-18-24-10-21,2/19/2025,10_063_924.60,0
Megalotto 6/45,34-36-27-26-16-04,2/17/2025,8_910_000.00,0
Megalotto 6/45,11-06-32-15-21-10,2/14/2025,8_910_000.00,0
Megalotto 6/45,13-30-35-12-41-05,2/12/2025,10_260_101.00,1
Megalotto 6/45,39-10-38-16-15-24,2/10/2025,8_910_000.00,0
Megalotto 6/45,36-34-43-28-07-29,2/7/2025,8_910_000.00,0
Megalotto 6/45,07-20-40-13-11-08,2/5/2025,8_910_000.00,2
Megalotto 6/45,31-04-17-07-19-27,2/3/2025,32_244_545.60,1
Megalotto 6/45,15-01-08-33-11-09,1/31/2025,27_638_097.60,0
Megalotto 6/45,32-24-35-03-39-45,1/29/2025,23_213_925.60,0
Megalotto 6/45,43-27-44-45-35-39,1/27/2025,19_139_171.60,0
Megalotto 6/45,35-08-29-26-15-21,1/24/2025,15_038_223.40,0
Megalotto 6/45,27-45-42-32-17-39,1/22/2025,11_163_509.60,0
Megalotto 6/45,33-18-03-19-34-45,1/20/2025,8_910_000.00,0
Megalotto 6/45,06-03-15-32-14-07,1/17/2025,8_910_000.00,0
Megalotto 6/45,01-21-03-28-02-24,1/15/2025,8_910_000.00,1
Megalotto 6/45,39-40-24-05-04-36,1/13/2025,8_910_000.00,0
Megalotto 6/45,12-33-32-17-08-11,1/10/2025,16_186_700.00,1
Megalotto 6/45,08-44-45-16-32-37,1/8/2025,12_004_714.20,0
Megalotto 6/45,37-23-05-06-34-43,1/6/2025,8_910_000.00,0
Megalotto 6/45,14-25-22-34-31-27,1/3/2025,8_910_000.00,0
Megalotto 6/45,06-41-29-12-02-15,1/1/2025,57_030_072.20,1
Megalotto 6/45,08-06-41-30-14-13,12/30/2024,54_801_835.00,0
Megalotto 6/45,35-27-06-40-07-02,12/27/2024,48_552_861.20,0
Megalotto 6/45,27-28-38-24-12-33,12/25/2024,42_977_881.60,0
Megalotto 6/45,07-41-35-25-03-01,12/23/2024,41_069_178.40,0
Megalotto 6/45,15-36-22-09-37-18,12/20/2024,35_434_065.80,0
Megalotto 6/45,45-02-21-41-03-34,12/18/2024,30_928_659.20,0
Megalotto 6/45,44-22-03-26-08-39,12/16/2024,26_322_946.80,0
Megalotto 6/45,28-30-23-17-02-13,12/13/2024,22_021_044.40,0
Megalotto 6/45,03-35-44-27-43-30,12/11/2024,18_118_177.40,0
Megalotto 6/45,33-29-11-36-19-12,12/9/2024,14_361_027.20,0
Megalotto 6/45,13-40-09-30-14-01,12/6/2024,10_656_606.00,0
Megalotto 6/45,35-42-05-09-10-31,12/4/2024,8_910_000.00,0
Megalotto 6/45,29-45-28-17-34-41,12/2/2024,8_910_000.00,0
Megalotto 6/45,03-04-37-23-18-10,11/29/2024,30_899_853.00,1
Megalotto 6/45,02-33-21-04-12-43,11/27/2024,26_743_701.60,0
Megalotto 6/45,23-42-04-31-13-14,11/25/2024,22_522_132.00,0
Megalotto 6/45,31-38-33-44-09-17,11/22/2024,18_339_819.20,0
Megalotto 6/45,42-32-38-22-45-33,11/20/2024,14_593_781.40,0
Megalotto 6/45,05-14-35-27-26-44,11/18/2024,10_823_819.80,0
Megalotto 6/45,04-45-14-23-05-34,11/15/2024,8_910_000.00,0
Megalotto 6/45,19-29-14-33-44-09,11/13/2024,8_910_000.00,0
Megalotto 6/45,25-37-08-45-24-18,11/11/2024,118_964_375.60,2
Megalotto 6/45,33-09-43-06-45-26,11/8/2024,112_252_998.40,0
Megalotto 6/45,31-39-40-27-41-06,11/6/2024,105_769_976.80,0
Megalotto 6/45,38-35-25-13-23-31,11/4/2024,99_674_934.00,0
Megalotto 6/45,42-05-09-36-24-23,11/1/2024,93_937_893.40,0
Megalotto 6/45,37-45-15-27-24-42,10/30/2024,90_000_000.00,0
Megalotto 6/45,18-13-05-25-30-08,10/28/2024,8_910_000.00,0
Megalotto 6/45,32-19-02-04-22-14,10/25/2024,8_910_000.00,0
Megalotto 6/45,07-38-34-43-36-22,10/23/2024,28_160_909.00,1
Megalotto 6/45,06-34-11-35-13-31,10/21/2024,24_844_185.00,0
Megalotto 6/45,18-07-29-03-40-04,10/18/2024,20_903_882.40,0
Megalotto 6/45,34-07-13-22-21-09,10/16/2024,17_161_185.40,0
Megalotto 6/45,20-37-28-23-09-03,10/14/2024,13_541_632.40,0
Megalotto 6/45,03-12-09-22-02-38,10/11/2024,10_141_565.20,0
Megalotto 6/45,24-36-32-31-37-38,10/9/2024,8_910_000.00,0
Megalotto 6/45,40-36-28-06-03-17,10/7/2024,8_910_000.00,0
Megalotto 6/45,41-44-23-03-17-05,10/4/2024,94_470_811.60,1
Megalotto 6/45,36-45-35-20-12-03,10/2/2024,88_642_614.60,0
Megalotto 6/45,24-07-41-42-35-22,9/30/2024,82_334_176.40,0
Megalotto 6/45,12-13-37-39-25-21,9/27/2024,76_208_555.80,0
Megalotto 6/45,31-30-41-25-39-10,9/25/2024,70_895_011.00,0
Megalotto 6/45,18-25-38-30-03-08,9/23/2024,65_332_930.80,0
Megalotto 6/45,13-34-27-42-39-23,9/20/2024,59_730_361.60,0
Megalotto 6/45,36-04-29-25-45-28,9/18/2024,55_038_387.00,0
Megalotto 6/45,25-03-39-11-44-01,9/16/2024,50_050_640.40,0
Megalotto 6/45,14-18-01-32-44-15,9/13/2024,44_760_544.80,0
Megalotto 6/45,41-14-09-23-04-13,9/11/2024,40_473_978.80,0
Megalotto 6/45,33-37-09-12-25-07,9/9/2024,35_733_392.20,0
Megalotto 6/45,44-04-27-25-15-38,9/6/2024,30_921_079.20,0
Megalotto 6/45,33-42-28-16-43-20,9/4/2024,26_899_925.20,0
Megalotto 6/45,30-17-36-16-25-39,9/2/2024,23_408_778.40,0
Megalotto 6/45,34-23-01-32-40-04,8/30/2024,19_906_972.80,0
Megalotto 6/45,01-12-08-45-24-38,8/28/2024,16_374_300.80,0
Megalotto 6/45,02-09-40-24-04-11,8/26/2024,13_026_043.20,0
Megalotto 6/45,03-43-10-30-37-24,8/23/2024,9_668_395.20,0
Megalotto 6/45,39-21-07-06-34-33,8/21/2024,8_910_000.00,0
Megalotto 6/45,38-33-22-34-05-18,8/19/2024,8_910_000.00,0
Megalotto 6/45,26-05-36-21-29-45,8/16/2024,16_881_251.80,1
Megalotto 6/45,24-25-41-19-21-42,8/14/2024,13_230_505.40,0
Megalotto 6/45,06-42-09-37-33-34,8/12/2024,9_907_156.00,0
Megalotto 6/45,36-14-18-03-02-11,8/9/2024,8_910_000.00,0
Megalotto 6/45,17-44-09-27-29-15,8/7/2024,8_910_000.00,0
Megalotto 6/45,01-23-20-16-27-03,8/5/2024,30_221_261.80,1
Megalotto 6/45,41-03-07-34-06-37,8/2/2024,26_258_543.80,0
Megalotto 6/45,28-31-44-01-22-20,7/31/2024,22_324_138.80,0
Megalotto 6/45,24-30-09-04-42-01,7/29/2024,18_698_152.00,0
Megalotto 6/45,36-06-20-34-32-23,7/26/2024,15_185_329.80,0
Megalotto 6/45,10-33-06-12-32-24,7/24/2024,11_721_957.40,0
Megalotto 6/45,30-38-34-29-15-19,7/22/2024,9_362_050.40,0
Megalotto 6/45,41-30-32-20-29-01,7/19/2024,8_910_000.00,0
Megalotto 6/45,32-04-19-12-11-17,7/17/2024,8_910_000.00,0
Megalotto 6/45,38-05-14-15-22-37,7/15/2024,9_698_926.80,1
Megalotto 6/45,28-35-01-27-29-17,7/12/2024,8_910_000.00,0
Megalotto 6/45,11-10-24-27-42-12,7/10/2024,8_910_000.00,0
Megalotto 6/45,36-25-19-37-07-11,7/8/2024,17_567_700.60,1
Megalotto 6/45,37-21-30-31-08-43,7/5/2024,13_963_489.40,0
Megalotto 6/45,45-25-40-18-42-35,7/3/2024,10_319_051.20,0
Megalotto 6/45,37-19-13-28-25-34,7/1/2024,8_910_000.00,0
Megalotto 6/45,42-13-16-14-18-26,6/28/2024,8_910_000.00,0
Megalotto 6/45,01-26-30-13-06-28,6/26/2024,20_388_114.80,1
Megalotto 6/45,34-02-26-12-01-36,6/24/2024,16_747_209.00,0
Megalotto 6/45,41-14-27-20-09-01,6/21/2024,13_264_033.20,0
Megalotto 6/45,28-43-39-30-35-32,6/19/2024,9_889_823.40,0
Megalotto 6/45,31-45-42-35-17-03,6/17/2024,8_910_000.00,0
Megalotto 6/45,45-38-41-19-24-05,6/14/2024,8_910_000.00,0
Megalotto 6/45,07-40-25-08-30-39,6/12/2024,33_595_070.80,1
Megalotto 6/45,16-35-11-31-21-44,6/10/2024,29_589_245.40,0
Megalotto 6/45,45-35-11-07-38-23,6/7/2024,25_432_376.00,0
Megalotto 6/45,40-31-16-45-23-02,6/5/2024,21_493_828.60,0
Megalotto 6/45,33-01-43-04-27-25,6/3/2024,17_743_390.80,0
Megalotto 6/45,43-21-18-29-10-20,5/31/2024,13_859_699.60,0
Megalotto 6/45,14-32-41-43-17-09,5/29/2024,10_319_064.40,0
Megalotto 6/45,40-42-18-28-35-23,5/27/2024,8_910_000.00,0
Megalotto 6/45,39-35-30-13-06-02,5/24/2024,8_910_000.00,0
Megalotto 6/45,11-30-21-04-22-13,5/22/2024,53_861_631.60,1
Megalotto 6/45,22-25-04-45-40-30,5/20/2024,48_166_658.20,0
Megalotto 6/45,15-27-13-24-01-44,5/17/2024,42_610_179.40,0
Megalotto 6/45,17-42-21-09-32-05,5/15/2024,37_997_928.60,0
Megalotto 6/45,21-35-38-34-41-44,5/13/2024,33_788_564.80,0
Megalotto 6/45,19-30-37-32-03-42,5/10/2024,29_634_936.00,0
Megalotto 6/45,04-39-14-20-28-41,5/8/2024,25_542_939.80,0
Megalotto 6/45,30-09-31-02-18-06,5/6/2024,21_499_665.60,0
Megalotto 6/45,36-03-05-19-41-12,5/3/2024,17_547_575.60,0
Megalotto 6/45,29-28-38-42-23-27,5/1/2024,13_767_874.60,0
Megalotto 6/45,38-41-20-27-13-02,4/29/2024,10_296_525.80,0
Megalotto 6/45,36-25-40-11-10-42,4/26/2024,8_910_000.00,0
Megalotto 6/45,09-32-26-43-17-35,4/24/2024,8_910_000.00,0
Megalotto 6/45,33-17-40-09-42-20,4/22/2024,46_011_957.80,1
Megalotto 6/45,06-30-16-15-24-03,4/19/2024,40_545_640.20,0
Megalotto 6/45,28-39-29-31-34-17,4/17/2024,35_782_671.40,0
Megalotto 6/45,17-26-35-30-42-07,4/15/2024,30_657_681.00,0
Megalotto 6/45,08-30-04-06-11-10,4/12/2024,25_856_171.00,0
Megalotto 6/45,13-31-09-44-33-18,4/10/2024,21_653_463.40,0
Megalotto 6/45,31-14-17-06-05-20,4/8/2024,17_929_514.00,0
Megalotto 6/45,03-32-18-10-11-04,4/5/2024,14_118_336.60,0
Megalotto 6/45,04-40-44-23-45-24,4/3/2024,10_350_240.20,0
Megalotto 6/45,31-14-17-13-05-09,4/1/2024,8_910_000.00,0
Megalotto 6/45,18-25-05-43-15-11,3/27/2024,8_910_000.00,0
Megalotto 6/45,39-11-29-01-09-19,3/25/2024,8_910_000.00,2
Megalotto 6/45,40-18-35-44-01-23,3/22/2024,8_910_000.00,0
Megalotto 6/45,08-07-16-17-11-37,3/20/2024,23_122_833.80,1
Megalotto 6/45,45-31-20-15-22-19,3/18/2024,19_188_860.40,0
Megalotto 6/45,03-42-02-17-43-10,3/15/2024,15_250_945.00,0
Megalotto 6/45,15-08-29-34-44-30,3/13/2024,11_301_908.40,0
Megalotto 6/45,07-23-15-03-42-06,3/11/2024,8_910_000.00,0
Megalotto 6/45,04-30-09-27-32-14,3/8/2024,8_910_000.00,0
Megalotto 6/45,06-15-37-11-35-33,3/6/2024,15_808_068.20,1
Megalotto 6/45,23-28-24-40-35-44,3/4/2024,11_907_435.40,0
Megalotto 6/45,15-08-17-24-31-12,3/1/2024,8_910_000.00,0
Megalotto 6/45,41-35-18-43-33-40,2/28/2024,8_910_000.00,0
Megalotto 6/45,29-07-09-20-03-26,2/26/2024,70_879_526.00,2
Megalotto 6/45,33-27-29-26-45-04,2/23/2024,64_871_617.60,0
Megalotto 6/45,04-06-05-12-28-22,2/21/2024,59_088_473.80,0
Megalotto 6/45,18-36-11-19-05-04,2/19/2024,53_341_620.40,0
Megalotto 6/45,14-42-03-31-41-11,2/16/2024,47_590_816.20,0
Megalotto 6/45,39-37-29-30-01-07,2/14/2024,42_156_497.00,0
Megalotto 6/45,02-10-27-24-36-35,2/12/2024,37_096_881.80,0
Megalotto 6/45,26-19-12-21-04-37,2/9/2024,31_947_571.20,0
Megalotto 6/45,19-02-26-06-40-13,2/7/2024,27_201_025.40,0
Megalotto 6/45,02-35-29-39-10-15,2/5/2024,22_430_782.60,0
Megalotto 6/45,11-20-43-30-02-44,2/2/2024,17_597_644.20,0
Megalotto 6/45,07-13-03-28-04-24,1/31/2024,13_062_316.00,0
Megalotto 6/45,38-23-45-11-21-33,1/29/2024,8_910_000.00,0
Megalotto 6/45,01-31-36-02-42-09,1/26/2024,8_910_000.00,0
Megalotto 6/45,05-12-19-01-28-08,1/24/2024,45_638_809.60,1
Megalotto 6/45,26-18-22-14-33-10,1/22/2024,38_968_454.40,0
Megalotto 6/45,14-19-43-35-24-01,1/19/2024,32_101_882.20,0
Megalotto 6/45,28-05-33-01-23-20,1/17/2024,25_568_828.00,0
Megalotto 6/45,07-22-04-23-27-40,1/15/2024,19_087_766.20,0
Megalotto 6/45,06-34-11-32-40-02,1/12/2024,12_718_118.20,0
Megalotto 6/45,25-27-12-33-36-02,1/10/2024,8_910_000.00,0
Megalotto 6/45,09-07-29-28-11-18,1/8/2024,121_816_502.40,2
Megalotto 6/45,13-18-41-29-33-37,1/5/2024,111_414_431.60,0
Megalotto 6/45,37-29-14-17-16-22,1/3/2024,100_000_000.00,0
Megalotto 6/45,06-12-28-04-16-17,12/29/2023,23_333_389.60,1
Megalotto 6/45,25-18-37-13-17-39,12/27/2023,16_704_803.00,0
Megalotto 6/45,41-01-13-33-06-05,12/22/2023,10_788_056.80,0
Megalotto 6/45,43-09-32-06-27-20,12/20/2023,8_910_000.00,0
Megalotto 6/45,20-33-01-29-06-09,12/18/2023,8_910_000.00,1
Megalotto 6/45,32-14-34-13-01-35,12/15/2023,37_241_369.80,1
Megalotto 6/45,17-40-41-18-01-19,12/13/2023,31_860_177.00,0
Megalotto 6/45,32-25-04-37-19-38,12/11/2023,26_760_341.60,0
Megalotto 6/45,01-03-22-19-30-44,12/8/2023,21_612_782.80,0
Megalotto 6/45,10-42-23-40-15-12,12/6/2023,17_199_369.80,0
Megalotto 6/45,23-40-06-07-27-28,12/4/2023,12_739_602.00,0
Megalotto 6/45,25-44-23-24-39-38,12/1/2023,8_910_000.00,0
Megalotto 6/45,20-18-37-11-33-05,11/29/2023,8_910_000.00,0
Megalotto 6/45,06-23-25-29-22-36,11/27/2023,42_024_785.20,1
Megalotto 6/45,43-36-20-23-31-01,11/24/2023,36_501_337.60,0
Megalotto 6/45,20-42-39-33-43-15,11/22/2023,31_570_206.80,0
Megalotto 6/45,06-31-32-27-44-08,11/20/2023,26_404_316.80,0
Megalotto 6/45,14-18-42-19-26-23,11/17/2023,21_405_153.80,0
Megalotto 6/45,34-36-05-45-15-32,11/15/2023,16_797_490.20,0
Megalotto 6/45,35-14-10-15-24-20,11/13/2023,12_366_793.00,0
Megalotto 6/45,06-41-13-37-34-08,11/10/2023,8_910_000.00,0
Megalotto 6/45,21-16-05-41-42-02,11/8/2023,8_910_000.00,0
Megalotto 6/45,13-31-16-01-25-10,11/6/2023,107_506_074.20,1
Megalotto 6/45,14-43-25-32-01-38,11/3/2023,99_729_945.40,0
Megalotto 6/45,17-14-24-38-15-01,11/1/2023,93_168_129.40,0
Megalotto 6/45,35-41-30-03-40-42,10/30/2023,89_000_000.00,0
Megalotto 6/45,20-13-05-03-19-29,10/27/2023,8_910_000.00,0
Megalotto 6/45,04-34-02-28-42-20,10/25/2023,30_052_036.20,2
Megalotto 6/45,22-08-42-03-12-27,10/23/2023,25_357_348.40,0
Megalotto 6/45,15-36-30-37-05-17,10/20/2023,20_644_286.40,0
Megalotto 6/45,36-29-04-26-34-15,10/18/2023,16_200_622.40,0
Megalotto 6/45,04-15-45-44-40-08,10/16/2023,12_050_940.00,0
Megalotto 6/45,18-11-32-19-39-33,10/13/2023,8_910_000.00,0
Megalotto 6/45,41-12-13-06-31-05,10/11/2023,8_910_000.00,0
Megalotto 6/45,34-41-11-01-10-07,10/9/2023,81_039_037.20,3
Megalotto 6/45,09-45-25-38-26-34,10/6/2023,74_014_064.40,0
Megalotto 6/45,25-02-43-30-32-42,10/4/2023,67_396_202.60,0
Megalotto 6/45,08-05-38-25-13-29,10/2/2023,61_119_311.20,0
Megalotto 6/45,23-38-11-27-06-36,9/29/2023,55_335_723.60,0
Megalotto 6/45,34-32-36-42-01-21,9/27/2023,49_479_090.40,0
Megalotto 6/45,03-31-07-16-33-29,9/25/2023,43_846_346.40,0
Megalotto 6/45,31-03-20-29-26-37,9/22/2023,38_308_420.20,0
Megalotto 6/45,44-41-29-18-02-13,9/20/2023,33_297_251.80,0
Megalotto 6/45,37-26-05-16-21-24,9/18/2023,28_687_710.80,0
Megalotto 6/45,25-44-18-41-11-31,9/15/2023,24_107_633.40,0
Megalotto 6/45,12-41-30-22-43-24,9/13/2023,19_693_106.00,0
Megalotto 6/45,23-01-05-10-20-06,9/11/2023,15_456_826.60,0
Megalotto 6/45,33-17-04-43-15-38,9/8/2023,11_286_958.60,0
Megalotto 6/45,12-33-32-08-42-23,9/6/2023,8_910_000.00,0
Megalotto 6/45,32-39-26-21-37-06,9/4/2023,8_910_000.00,0
Megalotto 6/45,30-42-39-12-35-18,9/1/2023,8_910_000.00,1
Megalotto 6/45,19-05-37-30-11-23,8/30/2023,8_910_000.00,0
Megalotto 6/45,09-30-28-45-31-05,8/28/2023,101_344_365.20,1
Megalotto 6/45,32-12-03-18-38-19,8/25/2023,93_036_829.80,0
Megalotto 6/45,26-43-13-42-45-39,8/23/2023,84_909_679.00,0
Megalotto 6/45,33-45-09-32-35-13,8/21/2023,77_430_278.40,0
Megalotto 6/45,42-45-11-10-36-17,8/18/2023,70_247_013.00,0
Megalotto 6/45,03-04-05-40-35-44,8/16/2023,63_119_481.60,0
Megalotto 6/45,02-44-39-20-37-28,8/14/2023,56_890_798.00,0
Megalotto 6/45,10-13-42-01-06-24,8/11/2023,50_807_683.60,0
Megalotto 6/45,04-03-39-38-44-12,8/9/2023,44_869_779.60,0
Megalotto 6/45,25-30-43-10-32-16,8/7/2023,39_581_247.60,0
Megalotto 6/45,16-39-42-04-30-07,8/4/2023,34_379_987.60,0
Megalotto 6/45,20-10-18-39-14-16,8/2/2023,29_337_617.00,0
Megalotto 6/45,09-44-35-31-29-07,7/31/2023,24_717_695.80,0
Megalotto 6/45,36-42-10-23-09-43,7/28/2023,19_947_753.60,0
Megalotto 6/45,12-01-07-41-02-38,7/26/2023,15_784_001.20,0
Megalotto 6/45,18-21-20-16-38-27,7/24/2023,11_968_794.80,0
Megalotto 6/45,07-42-26-40-41-13,7/21/2023,8_910_000.00,0
Megalotto 6/45,07-43-06-23-10-11,7/19/2023,8_910_000.00,0
Megalotto 6/45,31-13-10-37-34-18,7/17/2023,42_900_615.40,1
Megalotto 6/45,43-12-08-41-15-16,7/14/2023,36_918_981.80,0
Megalotto 6/45,38-02-19-13-21-36,7/12/2023,32_004_665.00,0
Megalotto 6/45,13-26-38-45-42-41,7/10/2023,27_153_722.80,0
Megalotto 6/45,33-44-07-31-35-04,7/7/2023,22_063_101.40,0
Megalotto 6/45,24-08-29-18-44-39,7/5/2023,17_212_938.80,0
Megalotto 6/45,03-33-19-35-18-29,7/3/2023,12_913_009.60,0
Megalotto 6/45,14-32-15-40-08-29,6/30/2023,8_910_000.00,0
Megalotto 6/45,13-08-03-31-30-43,6/28/2023,8_910_000.00,0
Megalotto 6/45,26-40-06-12-44-14,6/26/2023,35_502_637.60,1
Megalotto 6/45,42-25-41-24-31-19,6/23/2023,30_316_911.00,0
Megalotto 6/45,11-22-09-13-31-03,6/21/2023,25_237_880.00,0
Megalotto 6/45,42-11-27-10-14-21,6/19/2023,20_651_600.00,0
Megalotto 6/45,05-20-15-16-26-33,6/16/2023,16_187_759.20,0
Megalotto 6/45,40-17-22-10-28-21,6/14/2023,11_726_344.20,0
Megalotto 6/45,01-23-43-39-31-03,6/12/2023,8_910_000.00,0
Megalotto 6/45,35-14-29-07-08-32,6/9/2023,8_910_000.00,0
Megalotto 6/45,27-10-18-08-40-36,6/7/2023,8_910_000.00,1
Megalotto 6/45,22-08-20-02-01-45,6/5/2023,8_910_000.00,1
Megalotto 6/45,25-15-05-11-09-03,6/2/2023,41_256_521.60,1
Megalotto 6/45,03-17-35-20-23-16,5/31/2023,36_212_700.80,0
Megalotto 6/45,13-41-28-22-40-37,5/29/2023,31_074_476.20,0
Megalotto 6/45,41-10-30-32-05-15,5/26/2023,26_074_189.00,0
Megalotto 6/45,06-15-37-45-28-23,5/24/2023,21_618_284.00,0
Megalotto 6/45,31-33-22-43-40-19,5/22/2023,17_256_473.40,0
Megalotto 6/45,29-10-06-04-36-42,5/19/2023,12_861_234.20,0
Megalotto 6/45,10-23-34-35-13-37,5/17/2023,8_910_000.00,0
Megalotto 6/45,14-08-38-05-25-35,5/15/2023,8_910_000.00,0
Megalotto 6/45,14-05-44-25-01-36,5/12/2023,225_248_638.00,1
Megalotto 6/45,07-05-02-25-41-15,5/10/2023,209_772_953.60,0
Megalotto 6/45,04-44-25-40-26-42,5/8/2023,196_065_312.40,0
Megalotto 6/45,16-32-39-42-10-15,5/5/2023,182_616_914.80,0
Megalotto 6/45,27-40-17-04-15-33,5/3/2023,169_766_543.20,0
Megalotto 6/45,05-27-20-37-39-24,5/1/2023,157_534_732.40,0
Megalotto 6/45,27-15-04-42-38-45,4/28/2023,146_353_791.20,0
Megalotto 6/45,21-07-34-01-29-25,4/26/2023,135_402_270.40,0
Megalotto 6/45,11-45-16-13-42-02,4/24/2023,124_970_728.40,0
Megalotto 6/45,30-27-33-06-25-41,4/21/2023,114_692_979.60,0
Megalotto 6/45,42-44-02-43-37-33,4/19/2023,105_579_352.00,0
Megalotto 6/45,42-17-05-41-10-15,4/17/2023,96_996_141.00,0
Megalotto 6/45,36-22-30-28-05-13,4/14/2023,88_604_246.40,0
Megalotto 6/45,21-39-13-08-25-26,4/12/2023,80_967_403.20,0
Megalotto 6/45,34-41-43-30-15-28,4/10/2023,73_769_152.80,0
Megalotto 6/45,42-40-09-26-07-13,4/5/2023,67_302_457.20,0
Megalotto 6/45,45-37-28-40-08-42,4/3/2023,60_618_423.00,0
Megalotto 6/45,43-37-19-09-20-40,3/31/2023,54_010_257.60,0
Megalotto 6/45,32-23-31-34-40-29,3/29/2023,47_996_478.00,0
Megalotto 6/45,11-07-09-40-43-13,3/27/2023,42_247_790.20,0
Megalotto 6/45,32-44-02-37-23-20,3/24/2023,36_522_346.80,0
Megalotto 6/45,08-02-41-03-23-01,3/22/2023,31_345_719.80,0
Megalotto 6/45,11-37-30-17-42-39,3/20/2023,26_299_603.20,0
Megalotto 6/45,07-04-43-34-01-27,3/17/2023,21_347_907.00,0
Megalotto 6/45,13-05-39-18-23-11,3/15/2023,16_644_551.20,0
Megalotto 6/45,45-40-34-05-18-09,3/13/2023,12_249_552.00,0
Megalotto 6/45,32-31-07-25-36-28,3/10/2023,8_910_000.00,0
Megalotto 6/45,23-15-25-40-34-24,3/8/2023,8_910_000.00,0
Megalotto 6/45,26-43-11-18-05-45,3/6/2023,12_171_239.80,1
Megalotto 6/45,30-39-38-25-27-19,3/3/2023,8_910_000.00,0
Megalotto 6/45,42-44-04-07-01-13,3/1/2023,8_910_000.00,0
Megalotto 6/45,25-04-11-35-15-09,2/27/2023,11_631_365.60,2
Megalotto 6/45,45-08-10-36-22-38,2/24/2023,8_910_000.00,0
Megalotto 6/45,31-43-22-27-01-37,2/22/2023,8_910_000.00,0
Megalotto 6/45,17-23-31-10-21-14,2/20/2023,37_251_519.80,1
Megalotto 6/45,04-43-27-39-44-33,2/17/2023,32_302_097.40,0
Megalotto 6/45,40-05-30-08-43-14,2/15/2023,27_302_886.00,0
Megalotto 6/45,19-42-21-25-32-06,2/13/2023,22_616_692.20,0
Megalotto 6/45,43-38-29-09-20-06,2/10/2023,17_906_675.80,0
Megalotto 6/45,09-20-34-18-16-45,2/8/2023,13_332_936.40,0
Megalotto 6/45,12-15-21-38-25-14,2/6/2023,9_028_916.60,0
Megalotto 6/45,07-28-05-40-43-11,2/3/2023,8_910_000.00,0
Megalotto 6/45,37-29-42-21-27-05,2/1/2023,73_481_247.20,2
Megalotto 6/45,35-41-18-16-03-20,1/30/2023,65_996_314.60,0
Megalotto 6/45,21-29-42-14-37-34,1/27/2023,58_640_551.20,0
Megalotto 6/45,34-07-32-20-08-29,1/25/2023,51_830_237.00,0
Megalotto 6/45,32-07-33-18-39-15,1/23/2023,45_306_612.80,0
Megalotto 6/45,45-28-39-05-34-21,1/20/2023,38_939_521.60,0
Megalotto 6/45,37-03-05-07-10-38,1/18/2023,33_413_112.00,0
Megalotto 6/45,31-32-16-09-13-15,1/16/2023,28_062_057.80,0
Megalotto 6/45,09-18-33-39-35-14,1/13/2023,22_853_784.80,0
Megalotto 6/45,45-15-31-29-20-30,1/11/2023,17_942_381.60,0
Megalotto 6/45,33-25-09-45-28-05,1/9/2023,13_374_009.00,0
Megalotto 6/45,41-33-04-44-12-06,1/6/2023,8_910_000.00,0
Megalotto 6/45,37-07-38-24-31-45,1/4/2023,8_910_000.00,0
Megalotto 6/45,04-26-38-15-34-17,1/2/2023,19_503_337.00,1
Megalotto 6/45,27-28-40-14-03-34,12/30/2022,15_200_497.60,0
Megalotto 6/45,34-08-11-18-10-38,12/28/2022,9_212_113.00,0
Megalotto 6/45,11-39-08-36-06-42,12/26/2022,8_910_000.00,0
Megalotto 6/45,11-21-01-12-17-03,12/23/2022,114_327_454.00,1
Megalotto 6/45,13-43-04-31-25-35,12/21/2022,104_831_145.20,0
Megalotto 6/45,09-04-11-19-14-08,12/19/2022,96_600_838.40,0
Megalotto 6/45,30-06-09-21-15-36,12/16/2022,89_341_826.40,0
Megalotto 6/45,07-11-02-17-30-38,12/14/2022,82_369_895.40,0
Megalotto 6/45,40-15-09-11-30-21,12/12/2022,76_006_843.00,0
Megalotto 6/45,35-25-01-19-17-14,12/9/2022,69_566_009.20,0
Megalotto 6/45,26-23-11-07-31-43,12/7/2022,63_581_849.60,0
Megalotto 6/45,25-30-35-38-17-45,12/5/2022,57_740_008.80,0
Megalotto 6/45,33-43-14-40-31-07,12/2/2022,51_930_751.00,0
Megalotto 6/45,39-26-40-04-11-42,11/30/2022,46_379_917.60,0
Megalotto 6/45,25-19-21-06-42-38,11/28/2022,41_447_388.40,0
Megalotto 6/45,22-14-12-33-04-08,11/25/2022,36_475_903.00,0
Megalotto 6/45,41-19-10-32-17-03,11/23/2022,31_971_747.20,0
Megalotto 6/45,39-04-42-08-30-22,11/21/2022,27_441_058.00,0
Megalotto 6/45,33-26-01-29-03-23,11/18/2022,23_037_019.80,0
Megalotto 6/45,09-41-38-19-22-13,11/16/2022,18_820_591.20,0
Megalotto 6/45,09-37-40-44-41-05,11/14/2022,14_804_362.60,0
Megalotto 6/45,08-21-26-02-41-01,11/11/2022,10_995_681.40,0
Megalotto 6/45,02-34-12-06-26-01,11/9/2022,8_910_000.00,0
Megalotto 6/45,38-19-03-31-41-10,11/7/2022,8_910_000.00,0
Megalotto 6/45,16-13-02-19-11-07,11/4/2022,21_436_089.60,1
Megalotto 6/45,42-17-03-11-06-07,11/2/2022,17_487_158.60,0
Megalotto 6/45,27-13-02-30-42-43,10/31/2022,13_812_158.00,0
Megalotto 6/45,24-07-39-13-11-08,10/28/2022,10_392_575.80,0
Megalotto 6/45,25-02-35-07-31-41,10/26/2022,8_910_000.00,0
Megalotto 6/45,44-13-27-04-18-14,10/24/2022,8_910_000.00,0
Megalotto 6/45,11-35-34-40-41-22,10/21/2022,8_910_000.00,1
Megalotto 6/45,31-13-25-35-11-37,10/19/2022,8_910_000.00,0
Megalotto 6/45,30-35-24-11-03-19,10/17/2022,22_842_729.60,2
Megalotto 6/45,38-10-01-15-17-08,10/14/2022,18_616_747.80,0
Megalotto 6/45,31-39-06-04-18-10,10/12/2022,14_814_316.60,0
Megalotto 6/45,25-06-19-35-03-20,10/10/2022,11_036_602.00,0
Megalotto 6/45,35-34-21-30-39-04,10/7/2022,8_910_000.00,0
Megalotto 6/45,23-40-43-09-03-21,10/5/2022,8_910_000.00,0
Megalotto 6/45,45-04-38-44-21-36,10/3/2022,14_985_585.80,2
Megalotto 6/45,32-33-31-16-03-18,9/30/2022,10_877_621.20,0
Megalotto 6/45,09-25-34-16-31-22,9/28/2022,8_910_000.00,0
Megalotto 6/45,30-38-43-16-22-25,9/26/2022,8_910_000.00,0
Megalotto 6/45,34-24-07-44-21-38,9/23/2022,58_796_739.60,1
Megalotto 6/45,31-39-01-42-20-26,9/21/2022,53_777_129.00,0
Megalotto 6/45,17-41-25-22-18-20,9/19/2022,48_993_583.60,0
Megalotto 6/45,22-12-17-41-42-30,9/16/2022,44_417_051.80,0
Megalotto 6/45,41-30-28-10-11-40,9/14/2022,39_674_710.00,0
Megalotto 6/45,19-03-26-16-14-37,9/12/2022,35_459_700.80,0
Megalotto 6/45,39-32-12-10-20-29,9/9/2022,31_114_212.00,0
Megalotto 6/45,24-10-11-05-31-04,9/7/2022,26_903_392.60,0
Megalotto 6/45,39-16-36-12-04-10,9/5/2022,22_850_936.20,0
Megalotto 6/45,21-09-38-44-27-42,9/2/2022,18_758_129.60,0
Megalotto 6/45,04-02-27-16-35-40,8/31/2022,14_775_352.60,0
Megalotto 6/45,17-26-21-19-24-38,8/29/2022,11_015_174.40,0
Megalotto 6/45,02-10-34-28-25-12,8/26/2022,8_910_000.00,0
Megalotto 6/45,40-18-37-45-30-36,8/24/2022,8_910_000.00,0
Megalotto 6/45,20-33-30-10-08-34,8/22/2022,72_205_456.80,1
Megalotto 6/45,19-43-37-36-27-15,8/19/2022,66_470_034.00,0
Megalotto 6/45,15-11-01-44-22-04,8/17/2022,60_179_312.60,0
Megalotto 6/45,41-19-15-36-34-37,8/15/2022,54_628_226.00,0
Megalotto 6/45,03-01-19-09-23-28,8/12/2022,49_210_804.40,0
Megalotto 6/45,41-20-19-15-18-27,8/10/2022,43_763_847.80,0
Megalotto 6/45,07-42-39-32-01-29,8/8/2022,38_883_677.60,0
Megalotto 6/45,18-31-28-13-23-30,8/5/2022,33_960_195.20,0
Megalotto 6/45,10-03-45-33-19-37,8/3/2022,29_754_447.40,0
Megalotto 6/45,17-13-41-15-26-31,8/1/2022,25_203_403.00,0
Megalotto 6/45,41-44-30-08-07-14,7/29/2022,20_628_339.00,0
Megalotto 6/45,18-30-09-10-32-07,7/27/2022,16_335_797.20,0
Megalotto 6/45,07-11-12-32-09-40,7/25/2022,12_266_409.00,0
Megalotto 6/45,15-41-11-30-20-16,7/22/2022,8_910_000.00,0
Megalotto 6/45,02-24-23-45-38-11,7/20/2022,8_910_000.00,0
Megalotto 6/45,06-17-40-45-39-13,7/18/2022,53_920_694.20,1
Megalotto 6/45,35-02-26-04-37-33,7/15/2022,47_631_501.20,0
Megalotto 6/45,32-30-12-17-23-19,7/13/2022,41_866_226.20,0
Megalotto 6/45,28-08-27-16-20-43,7/11/2022,35_674_372.60,0
Megalotto 6/45,39-11-41-28-13-40,7/8/2022,29_666_642.60,0
Megalotto 6/45,29-13-37-35-07-38,7/6/2022,23_608_475.00,0
Megalotto 6/45,04-33-07-40-21-06,7/4/2022,17_790_627.40,0
Megalotto 6/45,44-22-20-28-02-01,7/1/2022,12_879_996.00,0
Megalotto 6/45,39-10-07-42-36-22,6/29/2022,8_910_000.00,0
Megalotto 6/45,10-44-22-31-33-19,6/27/2022,8_910_000.00,0
Megalotto 6/45,28-10-16-03-25-13,6/24/2022,8_910_000.00,1
Megalotto 6/45,07-12-10-34-23-43,6/22/2022,8_910_000.00,0
Megalotto 6/45,17-32-23-14-25-18,6/20/2022,8_910_000.00,1
Megalotto 6/45,10-12-02-27-03-18,6/17/2022,103_269_281.60,1
Megalotto 6/45,43-29-18-12-33-13,6/15/2022,95_264_387.60,0
Megalotto 6/45,22-18-14-41-32-02,6/13/2022,88_734_717.20,0
Megalotto 6/45,27-29-39-05-09-43,6/10/2022,82_612_812.80,0
Megalotto 6/45,35-19-17-24-43-04,6/8/2022,76_453_550.00,0
Megalotto 6/45,31-16-34-25-22-12,6/6/2022,71_053_447.80,0
Megalotto 6/45,04-39-32-31-20-15,6/3/2022,65_628_324.00,0
Megalotto 6/45,25-34-41-26-28-02,6/1/2022,59_949_398.20,0
Megalotto 6/45,12-21-24-30-40-44,5/30/2022,54_968_935.40,0
Megalotto 6/45,39-42-07-14-45-08,5/27/2022,50_164_123.20,0
Megalotto 6/45,27-04-10-37-39-34,5/25/2022,45_338_080.40,0
Megalotto 6/45,03-36-26-09-05-13,5/23/2022,40_979_410.20,0
Megalotto 6/45,14-32-23-10-01-12,5/20/2022,36_651_349.80,0
Megalotto 6/45,26-42-10-45-01-40,5/18/2022,32_594_206.00,0
Megalotto 6/45,13-20-01-08-10-22,5/16/2022,28_867_242.80,0
Megalotto 6/45,22-31-02-20-25-21,5/13/2022,25_141_931.20,0
Megalotto 6/45,36-06-27-45-35-09,5/11/2022,21_417_572.20,0
Megalotto 6/45,21-03-19-01-39-36,5/9/2022,18_017_557.80,0
Megalotto 6/45,42-40-07-20-30-13,5/6/2022,15_660_042.40,0
Megalotto 6/45,42-22-12-25-33-23,5/4/2022,12_393_992.60,0
Megalotto 6/45,09-02-20-26-37-13,5/2/2022,9_287_719.80,0
Megalotto 6/45,19-44-09-41-07-42,4/29/2022,8_910_000.00,0
Megalotto 6/45,21-38-42-20-03-40,4/27/2022,8_910_000.00,0
Megalotto 6/45,36-17-29-28-12-05,4/25/2022,8_910_000.00,1
Megalotto 6/45,39-37-43-22-31-40,4/22/2022,8_910_000.00,0
Megalotto 6/45,42-05-10-30-27-19,4/20/2022,33_070_560.40,1
Megalotto 6/45,17-25-07-05-10-08,4/18/2022,29_121_777.00,0
Megalotto 6/45,34-03-06-15-44-08,4/13/2022,25_224_716.20,0
Megalotto 6/45,08-39-05-16-31-32,4/11/2022,21_334_438.20,0
Megalotto 6/45,35-28-05-44-14-27,4/8/2022,17_690_457.00,0
Megalotto 6/45,16-38-05-32-31-25,4/6/2022,14_081_972.40,0
Megalotto 6/45,07-39-28-43-35-29,4/4/2022,10_573_205.60,0
Megalotto 6/45,10-11-42-02-01-37,4/1/2022,8_910_000.00,0
Megalotto 6/45,07-34-01-08-21-37,3/30/2022,8_910_000.00,0
Megalotto 6/45,07-25-08-03-12-05,3/28/2022,42_282_132.80,1
Megalotto 6/45,04-44-11-45-43-26,3/25/2022,37_316_127.60,0
Megalotto 6/45,32-08-41-23-10-44,3/23/2022,32_977_202.60,0
Megalotto 6/45,41-38-01-12-19-33,3/21/2022,28_629_945.40,0
Megalotto 6/45,17-07-34-26-22-18,3/18/2022,24_251_020.20,0
Megalotto 6/45,43-06-38-08-22-12,3/16/2022,20_481_433.00,0
Megalotto 6/45,41-15-07-33-42-10,3/14/2022,16_641_928.40,0
Megalotto 6/45,22-34-16-05-11-03,3/11/2022,13_277_158.40,0
Megalotto 6/45,33-17-09-24-22-11,3/9/2022,9_829_344.80,0
Megalotto 6/45,03-20-44-29-07-30,3/7/2022,8_910_000.00,0
Megalotto 6/45,37-27-20-02-45-08,3/4/2022,8_910_000.00,0
Megalotto 6/45,02-30-45-42-27-17,3/2/2022,8_910_000.00,1
Megalotto 6/45,03-12-27-37-18-44,2/28/2022,8_910_000.00,0
Megalotto 6/45,06-22-23-41-36-21,2/25/2022,10_304_636.60,1
Megalotto 6/45,44-03-34-30-35-22,2/23/2022,8_910_000.00,0
Megalotto 6/45,21-27-15-41-31-35,2/21/2022,8_910_000.00,0
Megalotto 6/45,31-30-06-04-29-16,2/18/2022,62_756_225.80,1
Megalotto 6/45,06-13-10-15-20-34,2/16/2022,56_901_761.80,0
Megalotto 6/45,27-15-18-22-29-06,2/14/2022,51_291_565.20,0
Megalotto 6/45,43-19-23-30-41-17,2/11/2022,46_049_467.20,0
Megalotto 6/45,32-25-30-43-17-08,2/9/2022,41_146_898.20,0
Megalotto 6/45,38-04-10-08-45-07,2/7/2022,36_331_026.40,0
Megalotto 6/45,14-05-42-45-34-15,2/4/2022,31_592_295.20,0
Megalotto 6/45,05-42-03-20-32-25,2/2/2022,27_581_813.20,0
Megalotto 6/45,38-23-33-07-13-27,1/31/2022,23_515_413.40,0
Megalotto 6/45,04-40-13-31-26-24,1/28/2022,19_556_985.40,0
Megalotto 6/45,07-14-19-34-11-35,1/26/2022,16_013_109.60,0
Megalotto 6/45,27-08-09-26-44-18,1/24/2022,12_804_310.00,0
Megalotto 6/45,17-43-34-30-06-10,1/21/2022,9_511_775.20,0
Megalotto 6/45,12-02-40-08-26-39,1/19/2022,8_910_000.00,0
Megalotto 6/45,07-22-37-29-34-14,1/17/2022,8_910_000.00,0
Megalotto 6/45,24-31-20-17-13-18,1/14/2022,20_212_102.00,1
Megalotto 6/45,16-40-12-45-26-44,1/12/2022,17_139_845.80,0
Megalotto 6/45,30-24-32-33-40-08,1/10/2022,15_549_735.20,0
Megalotto 6/45,44-12-10-26-07-41,1/7/2022,12_496_283.80,0
Megalotto 6/45,27-30-21-19-20-10,1/5/2022,9_022_177.80,0
Megalotto 6/45,24-08-25-32-12-30,1/3/2022,8_910_000.00,0
Megalotto 6/45,19-03-15-39-18-16,12/31/2021,8_910_000.00,0
Megalotto 6/45,18-29-03-25-15-39,12/29/2021,27_879_938.20,2
Megalotto 6/45,43-21-34-08-37-19,12/27/2021,23_816_905.60,0
Megalotto 6/45,26-31-36-21-06-33,12/24/2021,19_989_688.40,0
Megalotto 6/45,07-36-17-06-40-23,12/22/2021,17_866_234.20,0
Megalotto 6/45,37-18-13-30-20-26,12/20/2021,14_252_027.00,0
Megalotto 6/45,45-05-29-36-43-20,12/17/2021,10_810_664.80,0
Megalotto 6/45,03-24-08-21-14-20,12/15/2021,8_910_000.00,0
Megalotto 6/45,36-10-12-07-40-04,12/13/2021,8_910_000.00,0
Megalotto 6/45,33-27-18-42-03-23,12/10/2021,83_757_220.80,1
Megalotto 6/45,08-43-02-37-39-44,12/8/2021,76_872_728.00,0
Megalotto 6/45,31-30-18-05-38-32,12/6/2021,70_385_921.60,0
Megalotto 6/45,35-12-25-36-34-33,12/3/2021,63_770_476.80,0
Megalotto 6/45,25-01-27-26-30-45,12/1/2021,57_707_151.60,0
Megalotto 6/45,01-23-38-08-17-30,11/29/2021,52_129_044.80,0
Megalotto 6/45,20-23-15-28-43-12,11/26/2021,47_588_952.00,0
Megalotto 6/45,29-38-19-28-13-02,11/24/2021,42_653_691.00,0
Megalotto 6/45,34-23-17-09-40-08,11/22/2021,38_586_333.20,0
Megalotto 6/45,41-35-23-25-02-38,11/19/2021,34_517_767.60,0
Megalotto 6/45,38-28-03-26-15-18,11/17/2021,30_072_173.40,0
Megalotto 6/45,44-39-41-28-07-42,11/15/2021,26_167_834.20,0
Megalotto 6/45,38-06-41-35-14-29,11/12/2021,22_608_864.40,0
Megalotto 6/45,16-41-14-44-05-15,11/10/2021,18_926_816.60,0
Megalotto 6/45,40-35-21-42-14-15,11/8/2021,15_589_070.20,0
Megalotto 6/45,09-32-10-24-17-33,11/5/2021,12_268_535.20,0
Megalotto 6/45,34-13-04-28-38-08,11/3/2021,8_910_000.00,0
Megalotto 6/45,35-13-07-15-38-03,11/1/2021,8_910_000.00,0
Megalotto 6/45,12-42-26-37-27-10,10/29/2021,8_910_000.00,0
Megalotto 6/45,12-42-26-37-27-10,10/29/2021,8_910_000.00,0
Megalotto 6/45,36-26-04-34-25-33,10/27/2021,35_235_440.60,1
Megalotto 6/45,20-37-34-40-44-26,10/25/2021,31_618_731.80,0
Megalotto 6/45,38-41-37-05-25-30,10/22/2021,28_082_748.80,0
Megalotto 6/45,02-18-45-01-15-30,10/20/2021,24_530_622.40,0
Megalotto 6/45,24-28-40-29-05-21,10/18/2021,21_227_807.60,0
Megalotto 6/45,13-21-37-23-44-25,10/15/2021,17_871_967.60,0
Megalotto 6/45,43-41-24-35-25-31,10/13/2021,14_743_936.80,0
Megalotto 6/45,43-44-38-39-25-30,10/11/2021,11_834_738.80,0
Megalotto 6/45,39-38-05-11-29-41,10/8/2021,8_976_831.80,0
Megalotto 6/45,06-41-35-34-07-38,10/6/2021,8_910_000.00,0
Megalotto 6/45,34-22-06-38-02-19,10/4/2021,8_910_000.00,0
Megalotto 6/45,09-13-29-30-10-19,10/1/2021,8_910_000.00,1
Megalotto 6/45,14-11-03-07-10-30,9/29/2021,54_993_929.60,1
Megalotto 6/45,45-35-03-08-44-07,9/27/2021,50_728_791.20,0
Megalotto 6/45,02-04-24-06-28-41,9/24/2021,46_502_069.40,0
Megalotto 6/45,18-31-37-40-19-03,9/22/2021,42_878_935.60,0
Megalotto 6/45,30-44-20-18-05-22,9/20/2021,38_995_601.20,0
Megalotto 6/45,21-42-30-20-40-01,9/17/2021,35_206_957.00,0
Megalotto 6/45,29-30-17-18-43-38,9/15/2021,31_817_270.00,0
Megalotto 6/45,04-13-19-42-39-41,9/13/2021,28_312_271.20,0
Megalotto 6/45,10-29-18-34-38-44,9/10/2021,24_996_261.80,0
Megalotto 6/45,17-10-42-14-02-35,9/8/2021,22_060_783.60,0
Megalotto 6/45,16-40-43-11-31-45,9/6/2021,19_523_910.20,0
Megalotto 6/45,28-23-34-16-06-01,9/3/2021,16_479_554.00,0
Megalotto 6/45,26-14-30-31-38-37,9/1/2021,13_429_152.60,0
Megalotto 6/45,41-05-19-20-13-42,8/30/2021,10_335_277.20,0
Megalotto 6/45,42-45-22-35-11-14,8/27/2021,8_910_000.00,0
Megalotto 6/45,21-29-12-38-44-43,8/25/2021,8_910_000.00,0
Megalotto 6/45,05-16-37-36-24-23,8/23/2021,8_910_000.00,0
Megalotto 6/45,34-03-09-10-08-32,8/20/2021,24_320_079.80,1
Megalotto 6/45,31-28-20-38-32-09,8/18/2021,22_229_513.60,0
Megalotto 6/45,37-13-08-10-41-03,8/16/2021,20_285_343.60,0
Megalotto 6/45,19-08-43-42-38-28,8/13/2021,18_268_193.00,0
Megalotto 6/45,23-15-44-08-21-20,8/11/2021,16_300_932.60,0
Megalotto 6/45,15-24-23-41-42-02,8/9/2021,14_493_497.60,0
Megalotto 6/45,24-42-09-32-11-33,8/6/2021,12_684_620.20,0
Megalotto 6/45,42-34-24-02-38-23,8/4/2021,11_114_277.80,0
Megalotto 6/45,26-41-38-44-10-16,8/2/2021,8_910_000.00,0
Megalotto 6/45,41-42-37-19-10-44,7/30/2021,8_910_000.00,0
Megalotto 6/45,22-32-08-26-34-17,7/28/2021,8_910_000.00,0
Megalotto 6/45,34-40-08-24-36-30,7/26/2021,36_083_471.00,2
Megalotto 6/45,09-10-02-05-08-31,7/23/2021,32_525_472.40,0
Megalotto 6/45,10-32-22-13-33-05,7/21/2021,29_294_889.40,0
Megalotto 6/45,44-06-38-09-31-22,7/19/2021,26_284_344.00,0
Megalotto 6/45,19-40-45-30-14-05,7/16/2021,22_933_181.60,0
Megalotto 6/45,16-02-25-34-26-43,7/14/2021,19_346_329.40,0
Megalotto 6/45,36-43-29-12-25-03,7/12/2021,16_189_166.40,0
Megalotto 6/45,27-43-32-18-15-12,7/9/2021,12_880_457.40,0
Megalotto 6/45,07-26-12-25-05-16,7/7/2021,9_646_283.80,0
Megalotto 6/45,14-44-15-06-37-20,7/5/2021,8_910_000.00,0
Megalotto 6/45,10-09-33-04-07-30,7/2/2021,8_910_000.00,0
Megalotto 6/45,14-25-09-15-06-16,6/30/2021,54_420_510.00,1
Megalotto 6/45,25-37-32-01-18-40,6/28/2021,49_851_114.40,0
Megalotto 6/45,07-06-31-16-08-28,6/25/2021,45_499_771.00,0
Megalotto 6/45,33-17-31-23-24-07,6/23/2021,41_309_895.80,0
Megalotto 6/45,20-40-44-38-22-35,6/21/2021,37_099_094.00,0
Megalotto 6/45,25-06-39-33-03-12,6/18/2021,32_877_520.00,0
Megalotto 6/45,16-44-27-12-39-08,6/16/2021,29_101_500.00,0
Megalotto 6/45,35-28-09-14-25-32,6/14/2021,25_256_655.00,0
Megalotto 6/45,41-39-18-29-31-26,6/11/2021,21_595_767.40,0
Megalotto 6/45,04-13-18-45-25-16,6/9/2021,18_339_928.20,0
Megalotto 6/45,32-11-15-37-12-17,6/7/2021,15_305_808.00,0
Megalotto 6/45,29-32-02-27-06-43,6/4/2021,12_164_757.60,0
Megalotto 6/45,25-03-31-33-02-10,6/2/2021,9_252_074.60,0
Megalotto 6/45,39-17-38-23-08-33,5/31/2021,8_910_000.00,0
Megalotto 6/45,42-33-11-23-14-27,5/28/2021,8_910_000.00,0
Megalotto 6/45,23-43-29-32-36-04,5/26/2021,181_680_185.60,1
Megalotto 6/45,03-20-25-35-01-13,5/24/2021,173_155_564.00,0
Megalotto 6/45,09-43-14-27-07-02,5/21/2021,164_634_062.00,0
Megalotto 6/45,09-45-43-26-40-08,5/19/2021,156_769_334.80,0
Megalotto 6/45,27-20-24-32-06-14,5/17/2021,149_385_796.00,0
Megalotto 6/45,06-22-32-28-12-27,5/14/2021,142_317_592.00,0
Megalotto 6/45,42-37-01-05-38-17,5/12/2021,138_211_886.00,0
Megalotto 6/45,13-39-23-41-32-34,5/10/2021,134_405_085.20,0
Megalotto 6/45,45-16-20-14-40-23,5/7/2021,130_474_948.00,0
Megalotto 6/45,02-31-11-03-32-23,5/5/2021,126_820_017.60,0
Megalotto 6/45,20-33-43-18-27-34,5/3/2021,123_173_900.40,0
Megalotto 6/45,05-17-16-24-18-38,4/30/2021,119_464_986.40,0
Megalotto 6/45,01-02-45-05-42-15,4/28/2021,116_055_743.20,0
Megalotto 6/45,10-09-15-39-43-32,4/26/2021,112_786_868.80,0
Megalotto 6/45,21-28-44-02-07-26,4/23/2021,109_382_294.00,0
Megalotto 6/45,36-09-38-41-28-30,4/21/2021,106_174_504.80,0
Megalotto 6/45,17-13-15-37-14-45,4/19/2021,103_082_880.00,0
Megalotto 6/45,22-07-30-01-36-34,4/16/2021,100_039_800.40,0
Megalotto 6/45,01-41-39-11-24-38,4/14/2021,97_185_527.80,0
Megalotto 6/45,34-31-16-05-44-29,4/12/2021,94_552_473.40,0
Megalotto 6/45,25-16-30-38-10-42,4/9/2021,91_769_472.80,0
Megalotto 6/45,44-15-38-36-07-39,4/7/2021,89_257_302.80,0
Megalotto 6/45,14-22-33-45-44-39,4/5/2021,86_674_956.80,0
Megalotto 6/45,36-04-12-23-43-26,3/31/2021,84_240_897.60,0
Megalotto 6/45,38-01-44-37-05-41,3/29/2021,82_305_300.80,0
Megalotto 6/45,34-03-23-35-10-18,3/26/2021,81_530_899.60,0
Megalotto 6/45,38-41-10-16-44-39,3/24/2021,76_293_066.20,0
Megalotto 6/45,24-23-36-35-12-33,3/22/2021,71_764_420.60,0
Megalotto 6/45,08-40-42-30-37-32,3/19/2021,67_351_161.60,0
Megalotto 6/45,02-28-36-35-03-43,3/17/2021,62_481_789.00,0
Megalotto 6/45,35-02-45-13-34-07,3/15/2021,58_251_830.00,0
Megalotto 6/45,41-19-30-23-31-37,3/12/2021,53_990_651.20,0
Megalotto 6/45,23-38-29-25-15-40,3/10/2021,49_469_868.60,0
Megalotto 6/45,02-12-27-16-43-17,3/8/2021,45_512_529.60,0
Megalotto 6/45,04-32-17-05-39-01,3/5/2021,41_486_727.80,0
Megalotto 6/45,22-36-42-19-05-25,3/3/2021,37_252_303.80,0
Megalotto 6/45,30-04-39-21-24-11,3/1/2021,33_461_098.40,0
Megalotto 6/45,29-08-33-02-13-37,2/26/2021,29_722_673.80,0
Megalotto 6/45,13-03-40-17-38-04,2/24/2021,25_805_328.20,0
Megalotto 6/45,13-42-30-32-35-29,2/22/2021,22_413_998.40,0
Megalotto 6/45,29-04-07-21-06-14,2/19/2021,19_105_054.80,0
Megalotto 6/45,12-14-43-36-13-03,2/17/2021,15_489_365.60,0
Megalotto 6/45,16-44-40-32-43-38,2/15/2021,12_314_926.20,0
Megalotto 6/45,20-09-29-27-30-33,2/12/2021,9_155_972.80,0
Megalotto 6/45,17-45-16-29-38-04,2/10/2021,8_910_000.00,0
Megalotto 6/45,31-36-22-35-42-05,2/8/2021,8_910_000.00,0
Megalotto 6/45,18-19-04-13-29-06,2/5/2021,12_365_695.20,1
Megalotto 6/45,35-39-38-33-03-30,2/3/2021,9_232_646.60,0
Megalotto 6/45,01-25-12-06-37-41,2/1/2021,8_910_000.00,0
Megalotto 6/45,27-36-17-42-23-14,1/29/2021,8_910_000.00,0
Megalotto 6/45,07-10-29-32-12-35,1/27/2021,36_022_560.80,1
Megalotto 6/45,30-18-24-13-23-34,1/25/2021,32_648_386.20,0
Megalotto 6/45,41-27-07-26-44-42,1/22/2021,29_153_623.40,0
Megalotto 6/45,33-42-40-01-20-25,1/20/2021,25_737_705.60,0
Megalotto 6/45,09-04-45-01-31-35,1/18/2021,22_628_379.40,0
Megalotto 6/45,38-14-21-17-04-08,1/15/2021,19_264_994.60,0
Megalotto 6/45,19-12-18-22-44-09,1/13/2021,15_956_686.40,0
Megalotto 6/45,21-42-17-20-37-01,1/11/2021,12_805_564.20,0
Megalotto 6/45,25-16-39-12-07-02,1/8/2021,9_612_873.80,0
Megalotto 6/45,45-07-28-33-02-27,1/6/2021,8_910_000.00,0
Megalotto 6/45,39-07-27-44-19-30,1/4/2021,8_910_000.00,0
Megalotto 6/45,06-25-15-29-12-33,12/30/2020,20_980_657.40,1
Megalotto 6/45,05-08-02-30-04-42,12/28/2020,17_372_660.60,0
Megalotto 6/45,33-02-43-22-08-24,12/23/2020,13_810_110.00,0
Megalotto 6/45,01-10-15-27-06-39,12/21/2020,10_377_857.20,0
Megalotto 6/45,34-30-38-37-25-27,12/18/2020,8_910_000.00,0
Megalotto 6/45,37-33-42-01-44-17,12/16/2020,8_910_000.00,0
Megalotto 6/45,34-11-06-24-25-39,12/14/2020,166_546_579.20,1
Megalotto 6/45,33-22-26-05-31-15,12/11/2020,158_240_862.00,0
Megalotto 6/45,14-09-41-10-12-44,12/9/2020,150_391_508.40,0
Megalotto 6/45,09-33-06-28-34-08,12/7/2020,143_087_147.60,0
Megalotto 6/45,10-44-32-18-14-08,12/4/2020,136_156_976.00,0
Megalotto 6/45,15-22-01-07-39-13,12/2/2020,129_531_306.40,0
Megalotto 6/45,19-16-28-26-30-39,11/30/2020,123_363_800.00,0
Megalotto 6/45,33-28-20-05-04-41,11/27/2020,117_348_714.00,0
Megalotto 6/45,14-45-37-18-31-01,11/25/2020,111_581_810.00,0
Megalotto 6/45,38-05-08-40-27-26,11/23/2020,105_949_502.00,0
Megalotto 6/45,15-11-38-27-21-20,11/20/2020,100_357_093.20,0
Megalotto 6/45,15-06-43-37-03-14,11/18/2020,95_340_129.80,0
Megalotto 6/45,37-09-05-44-17-43,11/16/2020,90_635_371.20,0
Megalotto 6/45,31-43-42-16-45-37,11/13/2020,86_002_264.20,0
Megalotto 6/45,12-43-29-10-22-24,11/11/2020,81_878_622.00,0
Megalotto 6/45,20-31-16-11-32-17,11/9/2020,78_102_518.40,0
Megalotto 6/45,45-44-03-01-43-23,11/6/2020,73_853_680.80,0
Megalotto 6/45,21-34-26-40-45-05,11/4/2020,69_740_061.00,0
Megalotto 6/45,05-02-15-14-18-35,11/2/2020,65_918_442.80,0
Megalotto 6/45,27-03-30-23-21-42,10/30/2020,63_124_020.40,0
Megalotto 6/45,09-08-07-45-41-44,10/28/2020,59_259_974.20,0
Megalotto 6/45,17-22-36-04-24-10,10/26/2020,55_729_196.20,0
Megalotto 6/45,24-01-10-12-44-03,10/23/2020,52_554_952.80,0
Megalotto 6/45,29-19-12-24-09-37,10/21/2020,49_413_968.40,0
Megalotto 6/45,05-29-37-30-27-33,10/19/2020,46_025_100.60,0
Megalotto 6/45,19-20-01-17-31-30,10/16/2020,42_587_780.60,0
Megalotto 6/45,37-44-10-18-27-03,10/14/2020,39_414_691.20,0
Megalotto 6/45,09-15-37-10-04-14,10/12/2020,36_599_543.60,0
Megalotto 6/45,19-33-31-10-26-37,10/9/2020,33_661_782.80,0
Megalotto 6/45,20-06-04-32-33-09,10/7/2020,30_738_140.40,0
Megalotto 6/45,43-03-33-41-31-30,10/5/2020,28_003_360.80,0
Megalotto 6/45,12-02-44-27-21-16,10/2/2020,25_226_388.80,0
Megalotto 6/45,32-39-08-14-43-06,9/30/2020,22_467_668.80,0
Megalotto 6/45,31-08-13-23-38-03,9/28/2020,19_837_198.60,0
Megalotto 6/45,09-45-36-17-24-42,9/25/2020,17_298_752.80,0
Megalotto 6/45,31-18-26-16-33-34,9/23/2020,14_774_912.20,0
Megalotto 6/45,43-23-44-03-08-05,9/21/2020,12_733_206.80,0
Megalotto 6/45,05-02-14-24-39-26,9/18/2020,10_514_595.60,0
Megalotto 6/45,18-33-17-08-26-02,9/16/2020,8_910_000.00,0
Megalotto 6/45,24-06-14-20-44-13,9/14/2020,8_910_000.00,0
Megalotto 6/45,42-18-20-17-13-05,9/11/2020,8_910_000.00,0
Megalotto 6/45,35-02-25-37-45-38,9/9/2020,8_910_000.00,0
Megalotto 6/45,37-07-34-17-05-27,9/7/2020,24_042_863.80,1
Megalotto 6/45,44-14-04-40-25-27,9/4/2020,22_160_366.00,0
Megalotto 6/45,03-09-33-06-10-28,9/2/2020,20_272_920.80,0
Megalotto 6/45,40-07-23-38-34-24,8/31/2020,18_588_120.00,0
Megalotto 6/45,12-14-20-42-26-32,8/28/2020,16_997_038.20,0
Megalotto 6/45,35-01-13-10-21-38,8/26/2020,15_456_686.80,0
Megalotto 6/45,18-25-15-31-01-32,8/24/2020,14_131_618.20,0
Megalotto 6/45,26-35-34-42-41-15,8/21/2020,12_879_511.60,0
Megalotto 6/45,42-31-35-37-22-26,8/19/2020,11_798_392.20,0
Megalotto 6/45,32-16-17-39-35-15,8/17/2020,11_054_400.40,0
Megalotto 6/45,18-40-19-27-12-06,8/14/2020,10_491_535.00,0
Megalotto 6/45,02-22-40-20-43-28,8/12/2020,9_986_051.80,0
Megalotto 6/45,27-21-38-12-13-34,8/10/2020,9_558_833.40,0
Megalotto 6/45,36-38-09-35-42-05,8/7/2020,9_215_714.80,0
Megalotto 6/45,13-05-21-18-12-44,3/30/2020,9_070_447.20,0
Megalotto 6/45,09-19-04-33-41-28,3/27/2020,9_070_006.80,0
Megalotto 6/45,16-19-45-39-01-05,3/25/2020,9_064_318.40,0
Megalotto 6/45,41-03-45-01-14-12,3/23/2020,9_054_600.00,0
Megalotto 6/45,21-24-37-38-40-28,3/20/2020,9_038_744.00,0
Megalotto 6/45,10-44-25-03-04-40,3/18/2020,8_975_517.00,0
Megalotto 6/45,05-26-12-09-24-08,3/16/2020,8_910_000.00,0
Megalotto 6/45,02-39-23-44-35-25,3/13/2020,8_910_000.00,0
Megalotto 6/45,29-19-39-30-36-04,3/11/2020,8_910_000.00,0
Megalotto 6/45,26-16-42-34-41-03,3/9/2020,8_910_000.00,0
Megalotto 6/45,11-32-34-36-19-40,3/6/2020,8_910_000.00,1
Megalotto 6/45,39-27-15-35-32-25,3/4/2020,8_910_000.00,0
Megalotto 6/45,08-13-36-22-04-03,3/2/2020,72_372_679.40,1
Megalotto 6/45,15-28-31-40-11-35,2/28/2020,67_791_369.80,0
Megalotto 6/45,11-12-05-24-30-06,2/26/2020,63_559_738.20,0
Megalotto 6/45,19-42-09-10-40-37,2/24/2020,59_430_219.40,0
Megalotto 6/45,06-16-13-04-03-15,2/21/2020,55_216_368.60,0
Megalotto 6/45,37-40-43-20-03-15,2/19/2020,51_313_166.80,0
Megalotto 6/45,09-22-39-04-05-27,2/17/2020,47_342_882.00,0
Megalotto 6/45,06-37-12-10-07-42,2/14/2020,43_382_354.20,0
Megalotto 6/45,02-20-34-12-42-29,2/12/2020,39_988_947.60,0
Megalotto 6/45,03-45-15-01-35-25,2/10/2020,36_538_085.00,0
Megalotto 6/45,03-38-26-08-23-30,2/7/2020,33_064_985.40,0
Megalotto 6/45,22-01-13-34-43-17,2/5/2020,30_025_782.40,0
Megalotto 6/45,35-22-36-11-30-24,2/3/2020,26_842_709.20,0
Megalotto 6/45,28-16-26-30-38-43,1/31/2020,23_658_996.20,0
Megalotto 6/45,04-09-30-38-03-17,1/29/2020,20_728_497.20,0
Megalotto 6/45,24-09-31-11-45-32,1/27/2020,17_834_549.60,0
Megalotto 6/45,31-02-05-18-28-03,1/24/2020,15_006_682.00,0
Megalotto 6/45,10-31-30-41-01-36,1/22/2020,12_465_308.40,0
Megalotto 6/45,03-15-12-08-11-25,1/20/2020,9_965_627.20,0
Megalotto 6/45,04-08-21-39-18-15,1/17/2020,8_910_000.00,0
Megalotto 6/45,41-45-35-40-38-11,1/15/2020,8_910_000.00,0
Megalotto 6/45,35-12-39-15-04-45,1/13/2020,8_910_000.00,0
Megalotto 6/45,21-04-25-13-11-19,1/10/2020,68_523_435.40,2
Megalotto 6/45,28-35-25-20-23-01,1/8/2020,64_466_944.60,0
Megalotto 6/45,12-37-14-18-02-40,1/6/2020,60_564_291.20,0
Megalotto 6/45,36-41-34-40-01-32,1/3/2020,56_566_084.40,0
Megalotto 6/45,31-18-05-43-42-02,12/30/2019,52_500_224.20,0
Megalotto 6/45,33-40-10-25-11-02,12/27/2019,48_632_062.00,0
Megalotto 6/45,17-27-38-31-23-19,12/23/2019,44_794_186.00,0
Megalotto 6/45,39-11-33-16-27-13,12/20/2019,41_006_804.80,0
Megalotto 6/45,28-41-20-27-11-04,12/18/2019,37_623_339.00,0
Megalotto 6/45,17-12-43-20-09-08,12/16/2019,34_364_572.00,0
Megalotto 6/45,42-11-04-26-18-31,12/13/2019,31_127_784.40,0
Megalotto 6/45,17-08-36-24-02-34,12/11/2019,28_077_574.60,0
Megalotto 6/45,19-24-17-26-13-10,12/9/2019,25_124_868.40,0
Megalotto 6/45,42-38-41-20-29-19,12/6/2019,22_223_602.80,0
Megalotto 6/45,37-26-22-29-33-11,12/4/2019,19_451_396.40,0
Megalotto 6/45,03-38-45-10-36-29,12/2/2019,16_952_781.20,0
Megalotto 6/45,45-10-43-25-14-29,11/29/2019,14_437_600.80,0
Megalotto 6/45,34-39-29-24-04-33,11/27/2019,11_922_912.60,0
Megalotto 6/45,05-27-12-24-23-41,11/25/2019,9_592_666.20,0
Megalotto 6/45,18-07-11-12-37-01,11/22/2019,8_910_000.00,0
Megalotto 6/45,27-23-03-43-02-40,11/20/2019,8_910_000.00,0
Megalotto 6/45,31-34-27-38-33-08,11/18/2019,8_910_000.00,0
Megalotto 6/45,19-07-09-06-22-16,11/15/2019,22_163_563.60,1
Megalotto 6/45,37-02-09-19-21-34,11/13/2019,19_340_732.40,0
Megalotto 6/45,18-15-33-43-41-28,11/11/2019,16_690_550.20,0
Megalotto 6/45,38-13-43-01-42-04,11/8/2019,14_016_519.00,0
Megalotto 6/45,45-11-35-01-08-25,11/6/2019,11_419_916.80,0
Megalotto 6/45,30-04-13-17-34-39,11/4/2019,9_099_859.00,0
Megalotto 6/45,24-42-07-32-04-44,11/1/2019,8_910_000.00,0
Megalotto 6/45,05-34-03-29-18-13,10/30/2019,8_910_000.00,0
Megalotto 6/45,44-45-27-37-43-30,10/28/2019,8_910_000.00,0
Megalotto 6/45,40-36-27-03-23-20,10/25/2019,96_952_481.80,1
Megalotto 6/45,40-36-27-03-23-20,10/25/2019,96_952_481.80,1
Megalotto 6/45,06-21-43-07-29-37,10/23/2019,91_525_180.00,0
Megalotto 6/45,13-19-37-21-17-38,10/21/2019,86_652_018.40,0
Megalotto 6/45,03-42-30-33-22-32,10/18/2019,81_673_911.00,0
Megalotto 6/45,18-36-03-39-45-30,10/16/2019,76_804_091.20,0
Megalotto 6/45,06-16-19-07-37-01,10/14/2019,72_384_898.40,0
Megalotto 6/45,15-02-14-18-37-44,10/11/2019,68_200_555.20,0
Megalotto 6/45,02-21-36-26-12-43,10/9/2019,64_591_814.00,0
Megalotto 6/45,25-12-41-26-02-23,10/7/2019,61_034_220.60,0
Megalotto 6/45,19-43-13-20-10-35,10/4/2019,57_415_547.40,0
Megalotto 6/45,43-39-10-18-16-11,10/2/2019,53_980_236.80,0
Megalotto 6/45,30-32-43-04-02-27,9/30/2019,50_803_653.60,0
Megalotto 6/45,18-04-31-35-11-33,9/27/2019,47_476_449.20,0
Megalotto 6/45,22-14-24-20-23-09,9/25/2019,44_373_078.80,0
Megalotto 6/45,23-22-35-39-28-25,9/23/2019,41_275_949.60,0
Megalotto 6/45,22-41-43-16-26-19,9/20/2019,38_149_774.20,0
Megalotto 6/45,25-33-08-31-38-02,9/18/2019,35_139_691.20,0
Megalotto 6/45,32-43-20-15-19-21,9/16/2019,32_191_654.80,0
Megalotto 6/45,13-19-04-36-16-33,9/13/2019,29_250_270.20,0
Megalotto 6/45,23-03-13-32-44-25,9/11/2019,26_312_893.60,0
Megalotto 6/45,35-39-37-22-31-10,9/9/2019,23_489_800.40,0
Megalotto 6/45,39-22-21-36-26-23,9/6/2019,20_739_474.20,0
Megalotto 6/45,42-34-31-45-30-41,9/4/2019,17_982_600.80,0
Megalotto 6/45,36-37-31-05-07-06,9/2/2019,15_204_209.40,0
Megalotto 6/45,42-12-37-08-35-06,8/30/2019,12_470_331.60,0
Megalotto 6/45,13-11-45-03-25-26,8/28/2019,9_855_289.20,0
Megalotto 6/45,32-17-14-18-36-22,8/26/2019,8_910_000.00,0
Megalotto 6/45,16-06-01-24-42-29,8/23/2019,8_910_000.00,0
Megalotto 6/45,26-10-37-34-45-27,8/21/2019,8_910_000.00,0
Megalotto 6/45,09-29-31-26-18-20,8/19/2019,17_437_386.20,1
Megalotto 6/45,32-40-42-13-33-38,8/16/2019,14_570_759.40,0
Megalotto 6/45,07-40-19-21-35-10,8/14/2019,11_892_908.40,0
Megalotto 6/45,35-36-40-25-12-28,8/12/2019,9_267_081.60,0
Megalotto 6/45,37-19-03-18-43-23,8/9/2019,8_910_000.00,0
Megalotto 6/45,37-45-43-21-23-41,8/7/2019,8_910_000.00,0
Megalotto 6/45,44-34-27-16-28-37,8/5/2019,8_910_000.00,0
Megalotto 6/45,29-15-19-07-24-13,8/2/2019,9_043_369.80,1
Megalotto 6/45,05-14-39-21-20-18,7/31/2019,8_910_000.00,0
Megalotto 6/45,18-27-44-32-11-22,7/29/2019,8_910_000.00,0
Megalotto 6/45,30-01-15-38-43-41,7/26/2019,8_910_000.00,0
Megalotto 6/45,25-40-33-35-14-45,7/24/2019,8_910_000.00,0
Megalotto 6/45,07-25-04-23-11-08,7/22/2019,8_910_000.00,3
Megalotto 6/45,15-39-35-34-11-10,7/19/2019,8_910_000.00,0
Megalotto 6/45,11-45-08-43-25-33,7/17/2019,113_065_050.00,1
Megalotto 6/45,29-31-20-05-34-03,7/15/2019,106_271_243.20,0
Megalotto 6/45,09-10-05-39-41-35,7/12/2019,99_340_904.40,0
Megalotto 6/45,13-39-08-36-06-32,7/10/2019,93_240_241.60,0
Megalotto 6/45,09-30-10-31-41-26,7/8/2019,87_335_683.60,0
Megalotto 6/45,23-14-10-11-45-37,7/5/2019,81_361_180.80,0
Megalotto 6/45,12-38-14-24-29-20,7/3/2019,75_988_063.60,0
Megalotto 6/45,43-32-44-35-20-04,7/1/2019,70_983_638.40,0
Megalotto 6/45,32-16-18-24-04-34,6/28/2019,66_285_732.00,0
Megalotto 6/45,40-18-14-19-12-09,6/26/2019,61_966_065.40,0
Megalotto 6/45,07-27-40-13-03-26,6/24/2019,57_750_070.80,0
Megalotto 6/45,31-11-32-02-14-45,6/21/2019,53_524_028.40,0
Megalotto 6/45,37-18-01-11-43-34,6/19/2019,49_553_089.60,0
Megalotto 6/45,30-37-25-12-07-06,6/17/2019,45_581_084.80,0
Megalotto 6/45,43-08-02-20-06-42,6/14/2019,41_593_615.00,0
Megalotto 6/45,09-23-01-28-06-43,6/12/2019,38_027_758.80,0
Megalotto 6/45,21-34-39-13-25-17,6/10/2019,34_450_585.40,0
Megalotto 6/45,06-20-45-01-28-19,6/7/2019,30_811_848.80,0
Megalotto 6/45,13-23-31-16-32-10,6/5/2019,27_641_473.60,0
Megalotto 6/45,43-04-13-45-21-32,6/3/2019,24_587_686.40,0
Megalotto 6/45,05-21-44-25-28-02,5/31/2019,21_607_258.60,0
Megalotto 6/45,45-37-13-09-44-16,5/29/2019,18_640_988.80,0
Megalotto 6/45,30-41-38-33-32-20,5/27/2019,15_892_709.60,0
Megalotto 6/45,30-26-21-13-33-11,5/24/2019,13_399_845.40,0
Megalotto 6/45,33-40-02-35-08-14,5/22/2019,10_892_883.80,0
Megalotto 6/45,31-07-35-03-30-18,5/20/2019,8_910_000.00,0
Megalotto 6/45,01-05-17-42-45-32,5/17/2019,8_910_000.00,0
Megalotto 6/45,22-12-35-01-20-06,5/15/2019,8_910_000.00,0
Megalotto 6/45,45-26-04-37-34-06,5/13/2019,8_910_000.00,0
Megalotto 6/45,30-03-07-42-01-12,5/10/2019,11_558_750.60,1
Megalotto 6/45,44-13-32-34-14-37,5/8/2019,9_131_849.60,0
Megalotto 6/45,29-23-40-32-33-12,5/6/2019,8_910_000.00,0
Megalotto 6/45,28-11-30-40-22-18,5/3/2019,8_910_000.00,0
Megalotto 6/45,17-18-07-40-01-45,5/1/2019,8_910_000.00,0
Megalotto 6/45,17-35-18-23-19-10,4/29/2019,47_745_245.00,1
Megalotto 6/45,26-05-40-32-21-34,4/26/2019,44_732_444.40,0
Megalotto 6/45,19-04-09-45-29-43,4/24/2019,41_604_644.80,0
Megalotto 6/45,08-19-42-14-15-26,4/22/2019,38_829_659.20,0
Megalotto 6/45,03-36-26-01-15-28,4/17/2019,36_048_910.40,0
Megalotto 6/45,20-32-24-18-02-39,4/15/2019,33_288_892.20,0
Megalotto 6/45,28-42-04-01-05-16,4/12/2019,30_484_686.40,0
Megalotto 6/45,22-43-39-04-12-30,4/10/2019,27_580_345.40,0
Megalotto 6/45,08-23-14-09-21-04,4/8/2019,25_030_535.00,0
Megalotto 6/45,21-24-15-45-18-17,4/5/2019,22_368_992.60,0
Megalotto 6/45,04-35-20-44-23-11,4/3/2019,19_623_018.00,0
Megalotto 6/45,20-35-32-29-26-30,4/1/2019,17_155_226.20,0
Megalotto 6/45,02-39-42-10-17-25,3/29/2019,14_636_277.80,0
Megalotto 6/45,01-18-38-26-17-10,3/27/2019,12_086_837.40,0
Megalotto 6/45,41-11-33-22-15-07,3/25/2019,9_788_150.00,0
Megalotto 6/45,05-41-24-11-19-28,3/22/2019,8_910_000.00,0
Megalotto 6/45,36-12-33-32-22-39,3/20/2019,8_910_000.00,0
Megalotto 6/45,21-19-14-40-20-43,3/18/2019,8_910_000.00,0
Megalotto 6/45,22-11-29-01-06-04,3/15/2019,41_890_804.60,1
Megalotto 6/45,32-04-05-19-03-23,3/13/2019,38_472_119.80,0
Megalotto 6/45,17-26-06-38-41-07,3/11/2019,35_344_516.20,0
Megalotto 6/45,04-26-45-05-37-01,3/8/2019,32_112_738.60,0
Megalotto 6/45,07-06-43-14-24-25,3/6/2019,28_860_279.80,0
Megalotto 6/45,35-36-42-16-33-37,3/4/2019,25_835_225.00,0
Megalotto 6/45,27-13-11-33-24-38,3/1/2019,22_733_791.60,0
Megalotto 6/45,31-14-34-38-02-07,2/27/2019,19_593_229.00,0
Megalotto 6/45,45-08-24-27-15-29,2/25/2019,17_031_905.00,0
Megalotto 6/45,31-27-38-18-35-08,2/22/2019,14_602_382.00,0
Megalotto 6/45,01-23-36-14-24-45,2/20/2019,12_076_456.00,0
Megalotto 6/45,18-07-42-32-43-29,2/18/2019,9_699_098.00,0
Megalotto 6/45,37-40-31-15-39-28,2/15/2019,8_910_000.00,0
Megalotto 6/45,35-32-28-12-16-15,2/13/2019,8_910_000.00,0
Megalotto 6/45,36-40-17-32-02-38,2/11/2019,8_910_000.00,0
Megalotto 6/45,30-16-25-26-31-10,2/8/2019,8_910_000.00,1
Megalotto 6/45,14-44-43-27-22-38,2/6/2019,8_910_000.00,0
Megalotto 6/45,23-12-05-06-17-29,2/4/2019,13_301_011.00,2
Megalotto 6/45,33-37-07-16-32-36,2/1/2019,10_561_443.00,0
Megalotto 6/45,08-25-39-11-41-45,1/30/2019,8_910_000.00,0
Megalotto 6/45,27-34-43-06-04-05,1/28/2019,8_910_000.00,0
Megalotto 6/45,45-02-44-23-11-20,1/25/2019,8_910_000.00,0
Megalotto 6/45,19-01-25-43-18-39,1/23/2019,63_810_688.00,1
Megalotto 6/45,13-30-32-16-09-20,1/21/2019,59_455_369.00,0
Megalotto 6/45,22-39-05-44-45-03,1/18/2019,55_891_951.00,0
Megalotto 6/45,17-26-02-15-19-12,1/16/2019,51_987_898.00,0
Megalotto 6/45,29-38-06-02-31-01,1/14/2019,48_643_500.00,0
Megalotto 6/45,02-31-18-32-44-43,1/11/2019,45_348_150.00,0
Megalotto 6/45,20-02-21-05-37-26,1/9/2019,41_905_299.00,0
Megalotto 6/45,04-21-41-08-02-23,1/7/2019,38_833_978.00,0
Megalotto 6/45,26-27-23-14-06-21,1/4/2019,35_627_974.00,0
Megalotto 6/45,10-37-39-45-15-21,1/2/2019,32_287_888.00,0
Megalotto 6/45,39-29-27-32-01-24,12/31/2018,29_543_038.00,0
Megalotto 6/45,35-26-41-18-16-19,12/28/2018,27_728_301.00,0
Megalotto 6/45,40-06-26-33-13-15,12/26/2018,24_836_031.00,0
Megalotto 6/45,21-35-23-29-37-06,12/24/2018,22_226_954.00,0
Megalotto 6/45,28-07-21-42-23-39,12/21/2018,20_735_867.00,0
Megalotto 6/45,44-04-09-39-03-36,12/19/2018,17_842_359.00,0
Megalotto 6/45,20-43-35-28-44-02,12/17/2018,15_245_898.00,0
Megalotto 6/45,33-32-19-02-21-25,12/14/2018,12_610_933.00,0
Megalotto 6/45,37-15-40-04-23-31,12/12/2018,10_047_083.00,0
Megalotto 6/45,27-11-14-45-41-39,12/10/2018,8_910_000.00,0
Megalotto 6/45,25-30-24-28-05-38,12/7/2018,8_910_000.00,0
Megalotto 6/45,07-24-13-03-27-40,12/5/2018,8_910_000.00,0
Megalotto 6/45,06-10-18-02-31-26,12/3/2018,8_910_000.00,1
Megalotto 6/45,32-22-06-07-02-41,11/30/2018,76_941_062.00,1
Megalotto 6/45,03-01-04-35-18-08,11/28/2018,72_438_031.00,0
Megalotto 6/45,21-43-09-23-08-35,11/26/2018,68_516_115.00,0
Megalotto 6/45,03-11-31-22-29-08,11/23/2018,64_558_154.00,0
Megalotto 6/45,23-11-25-37-12-44,11/21/2018,60_265_510.00,0
Megalotto 6/45,08-27-32-02-04-18,11/19/2018,56_743_161.00,0
Megalotto 6/45,15-23-24-13-34-06,11/16/2018,53_094_057.00,0
Megalotto 6/45,23-06-30-24-26-05,11/14/2018,49_104_452.00,0
Megalotto 6/45,04-37-12-42-20-07,11/12/2018,45_829_227.00,0
Megalotto 6/45,04-45-39-23-40-03,11/9/2018,42_494_804.00,0
Megalotto 6/45,29-05-16-30-36-33,11/7/2018,38_819_758.00,0
Megalotto 6/45,02-38-26-41-01-31,11/5/2018,35_549_150.00,0
Megalotto 6/45,01-33-38-27-35-20,11/2/2018,32_287_508.00,0
Megalotto 6/45,14-23-22-34-38-20,10/31/2018,29_252_461.00,0
Megalotto 6/45,39-25-07-36-31-03,10/29/2018,26_008_999.00,0
Megalotto 6/45,03-38-37-02-25-10,10/26/2018,22_626_882.00,0
Megalotto 6/45,31-23-32-16-42-13,10/24/2018,18_920_580.00,0
Megalotto 6/45,13-25-26-30-28-23,10/22/2018,15_558_048.00,0
Megalotto 6/45,31-21-22-11-20-45,10/19/2018,12_074_963.00,0
Megalotto 6/45,18-44-16-34-32-01,10/17/2018,8_910_000.00,0
Megalotto 6/45,40-37-27-10-28-07,10/15/2018,8_910_000.00,0
Megalotto 6/45,23-26-12-10-36-30,10/12/2018,72_786_594.00,2
Megalotto 6/45,43-31-28-37-32-22,10/10/2018,64_023_178.00,0
Megalotto 6/45,41-05-21-31-45-03,10/8/2018,56_250_597.00,0
Megalotto 6/45,19-40-36-38-28-23,10/5/2018,49_482_881.00,0
Megalotto 6/45,20-39-22-21-23-36,10/3/2018,43_022_114.00,0
Megalotto 6/45,14-09-18-26-17-11,10/1/2018,37_509_683.00,0
Megalotto 6/45,27-12-05-29-04-15,9/28/2018,32_346_401.00,0
Megalotto 6/45,20-29-28-26-35-01,9/26/2018,27_254_910.00,0
Megalotto 6/45,12-21-42-38-44-03,9/24/2018,23_549_570.00,0
Megalotto 6/45,03-11-37-42-33-26,9/21/2018,20_027_803.00,0
Megalotto 6/45,24-08-36-20-01-13,9/19/2018,16_145_673.00,0
Megalotto 6/45,29-30-07-16-17-14,9/17/2018,12_917_683.00,0
Megalotto 6/45,24-10-45-01-16-42,9/14/2018,9_725_107.00,0
Megalotto 6/45,33-10-19-03-09-20,9/12/2018,8_910_000.00,0
Megalotto 6/45,19-45-44-32-33-06,9/10/2018,8_910_000.00,0
Megalotto 6/45,26-08-45-17-19-25,9/7/2018,40_063_895.00,1
Megalotto 6/45,13-20-23-31-05-33,9/5/2018,35_553_209.00,0
Megalotto 6/45,06-11-39-12-15-27,9/3/2018,31_564_317.00,0
Megalotto 6/45,14-25-43-01-05-42,8/31/2018,27_784_529.00,0
Megalotto 6/45,07-17-15-13-36-08,8/29/2018,23_962_665.00,0
Megalotto 6/45,03-16-06-32-44-34,8/27/2018,20_727_729.00,0
Megalotto 6/45,24-39-17-33-15-08,8/24/2018,17_980_416.00,0
Megalotto 6/45,07-14-15-27-23-18,8/22/2018,15_006_543.00,0
Megalotto 6/45,34-20-28-17-31-16,8/20/2018,12_423_253.00,0
Megalotto 6/45,29-23-24-37-20-41,8/17/2018,9_893_965.00,0
Megalotto 6/45,44-40-02-10-39-32,8/15/2018,8_910_000.00,0
Megalotto 6/45,16-26-18-17-22-03,8/13/2018,8_910_000.00,0
Megalotto 6/45,31-35-21-32-11-09,8/10/2018,8_910_000.00,0
Megalotto 6/45,31-03-25-21-15-12,8/8/2018,27_418_716.00,1
Megalotto 6/45,39-05-38-20-09-41,8/6/2018,24_528_264.00,0
Megalotto 6/45,29-04-39-12-38-34,8/3/2018,21_684_184.00,0
Megalotto 6/45,19-38-13-41-43-03,8/1/2018,18_766_821.00,0
Megalotto 6/45,09-24-16-45-26-30,7/30/2018,16_074_848.00,0
Megalotto 6/45,18-03-30-02-31-33,7/27/2018,13_460_468.00,0
Megalotto 6/45,42-30-26-05-08-23,7/25/2018,10_928_650.00,0
Megalotto 6/45,32-02-19-01-07-21,7/23/2018,8_910_000.00,0
Megalotto 6/45,01-03-35-09-39-38,7/20/2018,8_910_000.00,0
Megalotto 6/45,31-18-05-09-43-12,7/18/2018,8_910_000.00,0
Megalotto 6/45,22-13-27-17-10-01,7/16/2018,78_539_983.00,1
Megalotto 6/45,28-16-11-45-25-10,7/13/2018,73_545_548.00,0
Megalotto 6/45,03-07-24-04-31-41,7/11/2018,69_025_612.00,0
Megalotto 6/45,25-44-20-24-16-12,7/9/2018,64_267_169.00,0
Megalotto 6/45,11-40-31-08-15-16,7/6/2018,59_636_591.00,0
Megalotto 6/45,25-41-29-11-31-21,7/4/2018,55_375_801.00,0
Megalotto 6/45,42-22-05-28-04-35,7/2/2018,50_954_465.00,0
Megalotto 6/45,33-41-19-29-08-01,6/29/2018,46_596_588.00,0
Megalotto 6/45,30-32-31-27-44-02,6/27/2018,42_785_999.00,0
Megalotto 6/45,20-36-42-33-38-19,6/25/2018,38_903_551.00,0
Megalotto 6/45,18-10-04-38-11-20,6/22/2018,35_269_602.00,0
Megalotto 6/45,09-20-01-43-26-18,6/20/2018,31_919_735.00,0
Megalotto 6/45,31-45-34-11-16-17,6/18/2018,28_667_648.00,0
Megalotto 6/45,36-33-43-45-04-16,6/15/2018,25_251_439.00,0
Megalotto 6/45,06-09-14-32-41-04,6/13/2018,22_135_779.00,0
Megalotto 6/45,01-32-33-39-28-40,6/11/2018,19_214_843.00,0
Megalotto 6/45,24-03-35-34-06-07,6/8/2018,16_279_913.00,0
Megalotto 6/45,37-33-28-42-18-38,6/6/2018,13_530_437.00,0
Megalotto 6/45,18-41-02-32-06-12,6/4/2018,10_748_244.00,0
Megalotto 6/45,43-17-26-11-27-31,6/1/2018,8_910_000.00,0
Megalotto 6/45,40-04-21-24-02-39,5/30/2018,8_910_000.00,0
Megalotto 6/45,35-20-19-37-26-44,5/28/2018,8_910_000.00,0
Megalotto 6/45,34-12-22-15-20-27,5/25/2018,15_898_612.00,1
Megalotto 6/45,17-01-40-43-04-05,5/23/2018,13_056_980.00,0
Megalotto 6/45,36-45-12-21-39-38,5/21/2018,10_376_602.00,0
Megalotto 6/45,18-26-35-21-07-32,5/18/2018,8_910_000.00,0
Megalotto 6/45,38-32-23-40-17-45,5/16/2018,8_910_000.00,0
Megalotto 6/45,15-37-42-07-43-01,5/14/2018,8_910_000.00,0
Megalotto 6/45,24-10-28-15-25-12,5/11/2018,49_357_401.00,2
Megalotto 6/45,17-14-12-43-25-15,5/9/2018,45_744_439.00,0
Megalotto 6/45,11-13-33-30-39-36,5/7/2018,42_499_746.00,0
Megalotto 6/45,29-35-28-22-31-26,5/4/2018,39_193_677.00,0
Megalotto 6/45,10-32-41-42-44-24,5/2/2018,35_814_225.00,0
Megalotto 6/45,23-38-36-08-10-21,4/30/2018,32_687_096.00,0
Megalotto 6/45,05-27-33-21-42-25,4/27/2018,29_532_718.00,0
Megalotto 6/45,43-01-38-17-30-08,4/25/2018,26_315_788.00,0
Megalotto 6/45,40-01-26-04-32-42,4/23/2018,23_342_628.00,0
Megalotto 6/45,41-12-28-25-11-44,4/20/2018,20_314_305.00,0
Megalotto 6/45,38-03-16-12-43-33,4/18/2018,17_209_559.00,0
Megalotto 6/45,24-41-44-11-45-07,4/16/2018,14_356_565.00,0
Megalotto 6/45,21-31-03-07-17-30,4/13/2018,11_432_976.00,0
Megalotto 6/45,37-22-08-24-16-20,4/11/2018,8_910_000.00,0
Megalotto 6/45,23-41-27-34-33-32,4/9/2018,8_910_000.00,0
Megalotto 6/45,09-28-22-03-37-38,4/6/2018,8_910_000.00,0
Megalotto 6/45,25-45-07-04-06-20,4/4/2018,35_901_238.00,2
Megalotto 6/45,13-34-25-33-37-05,4/2/2018,32_253_317.00,0
Megalotto 6/45,43-14-04-05-13-24,3/28/2018,28_691_151.00,0
Megalotto 6/45,40-36-35-12-42-21,3/26/2018,25_258_259.00,0
Megalotto 6/45,21-32-44-18-03-28,3/23/2018,21_937_870.00,0
Megalotto 6/45,15-30-14-07-42-29,3/21/2018,18_635_463.00,0
Megalotto 6/45,12-32-28-27-44-13,3/19/2018,15_579_040.00,0
Megalotto 6/45,16-29-33-23-24-25,3/16/2018,12_517_992.00,0
Megalotto 6/45,33-06-14-44-19-20,3/14/2018,9_363_678.00,0
Megalotto 6/45,29-45-18-13-23-17,3/12/2018,8_910_000.00,0
Megalotto 6/45,27-16-08-38-39-03,3/9/2018,8_910_000.00,0
Megalotto 6/45,10-05-17-07-29-21,3/7/2018,42_005_237.00,1
Megalotto 6/45,18-39-40-44-19-20,3/5/2018,37_881_079.00,0
Megalotto 6/45,30-10-33-25-37-16,3/2/2018,33_801_008.00,0
Megalotto 6/45,18-29-36-24-38-07,2/28/2018,29_896_080.00,0
Megalotto 6/45,32-33-42-30-28-31,2/26/2018,26_202_746.00,0
Megalotto 6/45,04-45-30-31-06-02,2/23/2018,22_620_594.00,0
Megalotto 6/45,37-20-40-36-14-15,2/21/2018,19_027_024.00,0
Megalotto 6/45,23-43-19-38-41-04,2/19/2018,15_672_722.00,0
Megalotto 6/45,39-23-20-19-05-40,2/16/2018,12_473_953.00,0
Megalotto 6/45,13-39-12-11-24-15,2/14/2018,9_160_348.00,0
Megalotto 6/45,39-43-10-32-18-33,2/12/2018,8_910_000.00,0
Megalotto 6/45,11-36-40-43-02-06,2/9/2018,8_910_000.00,0
Megalotto 6/45,38-14-44-07-26-34,2/7/2018,45_394_304.00,1
Megalotto 6/45,35-32-02-11-01-13,2/5/2018,41_217_193.00,0
Megalotto 6/45,09-02-20-22-42-25,2/2/2018,37_092_239.00,0
Megalotto 6/45,03-13-23-44-20-41,1/31/2018,33_060_730.00,0
Megalotto 6/45,45-25-09-02-32-18,1/29/2018,29_226_226.00,0
Megalotto 6/45,25-44-14-15-06-04,1/26/2018,25_560_462.00,0
Megalotto 6/45,31-43-32-26-38-29,1/24/2018,21_970_663.00,0
Megalotto 6/45,21-24-40-43-18-04,1/22/2018,18_684_263.00,0
Megalotto 6/45,14-09-42-19-04-34,1/19/2018,15_435_684.00,0
Megalotto 6/45,40-16-04-34-24-20,1/17/2018,12_161_196.00,0
Megalotto 6/45,02-08-27-23-11-36,1/15/2018,9_124_284.00,0
Megalotto 6/45,31-10-36-04-07-41,1/12/2018,8_910_000.00,0
Megalotto 6/45,27-13-01-37-02-32,1/10/2018,8_910_000.00,0
Megalotto 6/45,28-40-31-21-11-04,1/8/2018,9_594_609.00,1
Megalotto 6/45,09-38-16-34-10-40,1/5/2018,8_910_000.00,0
Megalotto 6/45,26-16-22-19-45-07,1/3/2018,8_910_000.00,0
Megalotto 6/45,34-39-28-36-10-42,12/29/2017,9_659_458.00,1
Megalotto 6/45,33-22-17-21-35-24,12/27/2017,8_910_000.00,0
Megalotto 6/45,11-40-23-02-28-17,12/22/2017,8_910_000.00,0
Megalotto 6/45,10-14-16-25-11-27,12/20/2017,8_910_000.00,1
Megalotto 6/45,01-23-38-36-06-27,12/18/2017,8_910_000.00,0
Megalotto 6/45,06-19-17-44-09-22,12/15/2017,90_135_271.00,2
Megalotto 6/45,06-26-41-38-33-22,12/13/2017,84_831_295.00,0
Megalotto 6/45,11-45-41-33-15-25,12/11/2017,79_375_464.00,0
Megalotto 6/45,32-19-14-20-40-25,12/8/2017,73_965_265.00,0
Megalotto 6/45,10-03-02-36-09-04,12/6/2017,69_288_029.00,0
Megalotto 6/45,44-08-06-30-03-18,12/4/2017,64_342_544.00,0
Megalotto 6/45,23-03-24-18-21-10,12/1/2017,59_445_184.00,0
Megalotto 6/45,02-26-07-04-32-03,11/29/2017,55_079_589.00,0
Megalotto 6/45,25-43-22-37-24-15,11/27/2017,50_756_683.00,0
Megalotto 6/45,32-35-45-14-31-11,11/24/2017,46_511_784.00,0
Megalotto 6/45,37-34-12-40-18-02,11/22/2017,42_646_056.00,0
Megalotto 6/45,03-28-07-22-41-40,11/20/2017,38_700_368.00,0
Megalotto 6/45,07-43-15-33-09-32,11/17/2017,34_724_666.00,0
Megalotto 6/45,16-06-36-03-35-33,11/15/2017,30_915_400.00,0
Megalotto 6/45,28-23-32-45-29-05,11/13/2017,27_322_611.00,0
Megalotto 6/45,45-02-09-43-30-10,11/10/2017,23_793_455.00,0
Megalotto 6/45,04-40-25-28-38-44,11/8/2017,20_387_954.00,0
Megalotto 6/45,01-28-17-39-26-05,11/6/2017,17_133_606.00,0
Megalotto 6/45,40-32-39-15-35-11,11/3/2017,13_916_300.00,0
Megalotto 6/45,03-33-09-12-38-22,11/1/2017,10_698_348.00,0
Megalotto 6/45,36-22-26-21-07-16,10/30/2017,8_949_676.00,0
Megalotto 6/45,06-20-14-33-24-19,10/27/2017,8_910_000.00,0
Megalotto 6/45,23-44-31-13-29-38,10/25/2017,8_910_000.00,0
Megalotto 6/45,10-07-17-26-01-20,10/23/2017,34_825_290.00,2
Megalotto 6/45,45-20-41-28-33-12,10/20/2017,31_339_551.00,0
Megalotto 6/45,11-41-37-22-14-43,10/18/2017,27_721_279.00,0
Megalotto 6/45,08-16-19-25-01-27,10/16/2017,24_398_862.00,0
Megalotto 6/45,09-40-19-25-42-06,10/13/2017,21_322_600.00,0
Megalotto 6/45,10-21-04-17-22-43,10/11/2017,18_107_116.00,0
Megalotto 6/45,19-32-09-07-10-18,10/9/2017,15_036_300.00,0
Megalotto 6/45,29-25-04-06-32-43,10/6/2017,12_027_652.00,0
Megalotto 6/45,36-16-25-04-20-28,10/4/2017,9_000_000.00,0
Megalotto 6/45,20-29-40-06-28-45,10/2/2017,9_000_000.00,0
Megalotto 6/45,42-01-06-38-41-21,9/29/2017,9_000_000.00,0
Megalotto 6/45,06-16-09-12-13-29,9/27/2017,36_376_444.00,1
Megalotto 6/45,27-29-39-30-22-06,9/25/2017,32_714_584.00,0
Megalotto 6/45,34-22-44-25-24-42,9/22/2017,29_081_952.00,0
Megalotto 6/45,26-34-19-37-07-45,9/20/2017,25_495_620.00,0
Megalotto 6/45,31-04-01-45-06-27,9/18/2017,22_063_380.00,0
Megalotto 6/45,26-44-28-06-23-37,9/15/2017,18_630_436.00,0
Megalotto 6/45,32-05-43-18-04-28,9/13/2017,15_191_440.00,0
Megalotto 6/45,02-06-11-33-40-15,9/11/2017,12_045_224.00,0
Megalotto 6/45,21-32-17-16-44-22,9/8/2017,9_151_232.00,0
Megalotto 6/45,38-22-34-25-11-29,9/6/2017,9_000_000.00,0
Megalotto 6/45,34-14-42-23-30-17,9/4/2017,9_000_000.00,0
Megalotto 6/45,38-42-09-02-04-35,9/1/2017,14_418_704.00,1
Megalotto 6/45,25-38-20-01-30-32,8/30/2017,11_246_348.00,0
Megalotto 6/45,20-02-41-35-25-07,8/28/2017,9_000_000.00,0
Megalotto 6/45,45-37-39-03-24-12,8/25/2017,9_000_000.00,0
Megalotto 6/45,17-10-40-27-12-34,8/23/2017,9_000_000.00,0
Megalotto 6/45,10-01-35-28-05-22,8/21/2017,9_000_000.00,1
Megalotto 6/45,27-05-36-28-24-41,8/18/2017,9_000_000.00,0
Megalotto 6/45,17-08-45-24-01-40,8/16/2017,41_840_184.00,1
Megalotto 6/45,42-07-29-28-05-13,8/14/2017,37_854_636.00,0
Megalotto 6/45,44-11-40-20-08-02,8/11/2017,33_975_176.00,0
Megalotto 6/45,05-28-45-43-01-09,8/9/2017,30_469_696.00,0
Megalotto 6/45,04-33-45-35-20-24,8/7/2017,26_951_612.00,0
Megalotto 6/45,24-22-23-27-03-19,8/4/2017,23_487_316.00,0
Megalotto 6/45,26-03-33-43-02-21,8/2/2017,20_177_484.00,0
Megalotto 6/45,19-22-39-40-10-29,7/31/2017,17_069_112.00,0
Megalotto 6/45,23-39-05-15-16-24,7/28/2017,13_974_100.00,0
Megalotto 6/45,43-42-22-41-02-14,7/26/2017,11_144_072.00,0
Megalotto 6/45,11-18-34-33-09-08,7/24/2017,9_000_000.00,0
Megalotto 6/45,01-04-15-29-06-22,7/21/2017,9_000_000.00,0
Megalotto 6/45,45-18-12-08-03-24,7/19/2017,9_000_000.00,0
Megalotto 6/45,06-35-25-16-37-05,7/17/2017,51_717_872.00,1
Megalotto 6/45,29-15-06-27-30-39,7/14/2017,47_920_328.00,0
Megalotto 6/45,31-35-12-43-38-03,7/12/2017,44_191_976.00,0
Megalotto 6/45,04-05-41-35-33-43,7/10/2017,40_742_684.00,0
Megalotto 6/45,11-09-35-05-01-10,7/7/2017,37_175_684.00,0
Megalotto 6/45,21-13-20-22-26-35,7/5/2017,33_585_132.00,0
Megalotto 6/45,41-10-21-16-38-26,7/3/2017,30_319_956.00,0
Megalotto 6/45,42-40-39-21-07-16,6/30/2017,27_012_412.00,0
Megalotto 6/45,29-42-45-10-33-04,6/28/2017,23_632_940.00,0
Megalotto 6/45,18-31-27-37-19-45,6/26/2017,20_639_960.00,0
Megalotto 6/45,28-27-19-21-18-11,6/23/2017,17_604_128.00,0
Megalotto 6/45,43-09-31-06-18-23,6/21/2017,14_422_636.00,0
Megalotto 6/45,07-40-28-19-06-14,6/19/2017,11_580_540.00,0
Megalotto 6/45,23-28-34-36-26-27,6/16/2017,9_000_000.00,0
Megalotto 6/45,41-15-11-16-29-06,6/14/2017,9_000_000.00,0
Megalotto 6/45,28-30-17-37-11-39,6/12/2017,9_000_000.00,0
Megalotto 6/45,06-42-29-25-23-19,6/9/2017,84_535_456.00,1
Megalotto 6/45,25-13-11-21-30-45,6/7/2017,79_219_992.00,0
Megalotto 6/45,35-04-31-38-44-08,6/5/2017,74_159_692.00,0
Megalotto 6/45,20-34-32-43-42-09,6/2/2017,69_089_496.00,0
Megalotto 6/45,25-44-32-27-02-06,5/31/2017,64_196_216.00,0
Megalotto 6/45,25-16-01-20-11-29,5/29/2017,59_353_796.00,0
Megalotto 6/45,14-26-13-05-28-21,5/26/2017,54_631_740.00,0
Megalotto 6/45,05-09-28-42-12-31,5/24/2017,50_250_052.00,0
Megalotto 6/45,09-42-06-10-13-27,5/22/2017,45_831_820.00,0
Megalotto 6/45,15-02-09-44-04-30,5/19/2017,41_419_556.00,0
Megalotto 6/45,17-36-27-33-14-05,5/17/2017,37_236_144.00,0
Megalotto 6/45,16-36-29-18-32-07,5/15/2017,33_137_580.00,0
Megalotto 6/45,21-37-10-04-17-02,5/12/2017,29_174_616.00,0
Megalotto 6/45,25-28-43-20-05-44,5/10/2017,25_499_584.00,0
Megalotto 6/45,30-22-35-44-01-18,5/8/2017,21_956_284.00,0
Megalotto 6/45,02-10-31-15-19-16,5/5/2017,18_471_948.00,0
Megalotto 6/45,38-09-10-17-08-01,5/3/2017,15_058_672.00,0
Megalotto 6/45,23-44-02-05-35-25,5/1/2017,11_956_456.00,0
Megalotto 6/45,12-20-11-22-01-30,4/28/2017,9_143_964.00,0
Megalotto 6/45,18-02-05-42-12-44,4/26/2017,9_000_000.00,0
Megalotto 6/45,40-03-17-34-27-37,4/24/2017,9_000_000.00,0
Megalotto 6/45,16-20-08-23-15-04,4/21/2017,66_423_196.00,1
Megalotto 6/45,40-30-01-04-27-15,4/19/2017,61_610_136.00,0
Megalotto 6/45,39-06-01-17-34-23,4/17/2017,57_487_036.00,0
Megalotto 6/45,41-13-11-18-35-15,4/12/2017,53_384_476.00,0
Megalotto 6/45,15-26-02-14-10-11,4/10/2017,49_295_604.00,0
Megalotto 6/45,22-38-31-33-15-06,4/7/2017,45_303_252.00,0
Megalotto 6/45,04-14-37-07-41-27,4/5/2017,40_825_344.00,0
Megalotto 6/45,34-24-17-33-26-02,4/3/2017,36_910_156.00,0
Megalotto 6/45,44-42-11-07-10-28,3/31/2017,32_910_228.00,0
Megalotto 6/45,21-05-31-27-29-16,3/29/2017,28_778_060.00,0
Megalotto 6/45,31-44-02-14-19-29,3/27/2017,25_407_144.00,0
Megalotto 6/45,11-38-32-17-08-13,3/24/2017,22_022_368.00,0
Megalotto 6/45,34-30-23-22-06-21,3/22/2017,18_649_336.00,0
Megalotto 6/45,03-09-34-31-08-35,3/20/2017,15_529_648.00,0
Megalotto 6/45,21-22-03-39-04-08,3/17/2017,12_436_148.00,0
Megalotto 6/45,19-43-24-06-12-15,3/15/2017,9_192_116.00,0
Megalotto 6/45,01-40-41-39-45-38,3/13/2017,9_000_000.00,0
Megalotto 6/45,43-20-05-30-34-13,3/10/2017,9_000_000.00,0
Megalotto 6/45,43-24-22-18-05-27,3/8/2017,9_000_000.00,1
Megalotto 6/45,21-22-18-27-26-38,3/6/2017,9_000_000.00,0
Megalotto 6/45,42-31-36-20-03-08,3/3/2017,147_466_664.00,1
Megalotto 6/45,34-17-15-11-16-23,3/1/2017,139_823_208.00,0
Megalotto 6/45,15-27-33-13-30-32,2/27/2017,132_358_352.00,0
Megalotto 6/45,12-42-28-17-01-38,2/24/2017,125_219_536.00,0
Megalotto 6/45,04-27-37-01-19-38,2/22/2017,118_546_876.00,0
Megalotto 6/45,37-38-20-36-31-10,2/20/2017,111_851_688.00,0
Megalotto 6/45,16-34-33-43-45-42,2/17/2017,105_219_572.00,0
Megalotto 6/45,07-23-29-18-25-22,2/15/2017,99_231_836.00,0
Megalotto 6/45,19-04-21-45-34-41,2/13/2017,93_410_108.00,0
Megalotto 6/45,31-32-45-22-12-01,2/10/2017,87_606_308.00,0
Megalotto 6/45,20-27-26-43-42-38,2/8/2017,82_292_588.00,0
Megalotto 6/45,07-39-18-28-03-36,2/6/2017,76_757_180.00,0
Megalotto 6/45,14-29-23-17-24-02,2/3/2017,71_306_284.00,0
Megalotto 6/45,31-22-30-19-21-11,2/1/2017,66_487_756.00,0
Megalotto 6/45,10-03-11-30-18-23,1/30/2017,61_557_592.00,0
Megalotto 6/45,22-27-39-09-33-19,1/27/2017,56_872_188.00,0
Megalotto 6/45,41-37-33-45-19-21,1/25/2017,52_515_424.00,0
Megalotto 6/45,20-45-32-03-34-01,1/23/2017,48_006_476.00,0
Megalotto 6/45,44-13-22-19-40-09,1/20/2017,43_771_916.00,0
Megalotto 6/45,39-23-10-28-30-21,1/18/2017,39_845_340.00,0
Megalotto 6/45,33-42-03-23-13-18,1/16/2017,36_203_104.00,0
Megalotto 6/45,35-37-21-40-03-38,1/13/2017,32_590_400.00,0
Megalotto 6/45,20-31-05-40-14-02,1/11/2017,28_769_540.00,0
Megalotto 6/45,02-08-13-42-01-44,1/9/2017,25_358_716.00,0
Megalotto 6/45,31-22-26-16-39-09,1/6/2017,22_011_140.00,0
Megalotto 6/45,26-08-01-40-32-02,1/4/2017,18_471_384.00,0
Megalotto 6/45,02-23-06-05-42-36,1/2/2017,15_152_048.00,0
Megalotto 6/45,30-05-06-21-25-01,12/30/2016,12_317_252.00,0
Megalotto 6/45,12-07-13-28-36-05,12/28/2016,9_067_520.00,0
Megalotto 6/45,40-08-10-41-18-22,12/26/2016,9_000_000.00,0
Megalotto 6/45,05-22-38-42-11-01,12/23/2016,9_000_000.00,0
Megalotto 6/45,25-18-14-08-27-20,12/21/2016,70_980_356.00,1
Megalotto 6/45,27-20-03-33-26-30,12/19/2016,65_990_372.00,0
Megalotto 6/45,26-16-14-35-11-01,12/16/2016,61_102_976.00,0
Megalotto 6/45,04-41-15-08-26-22,12/14/2016,56_541_464.00,0
Megalotto 6/45,04-29-25-06-38-03,12/12/2016,51_969_400.00,0
Megalotto 6/45,11-01-07-18-12-24,12/9/2016,47_551_256.00,0
Megalotto 6/45,10-22-38-15-02-34,12/7/2016,43_419_796.00,0
Megalotto 6/45,13-35-20-41-40-09,12/5/2016,39_305_492.00,0
Megalotto 6/45,23-34-19-43-38-27,12/2/2016,35_287_020.00,0
Megalotto 6/45,44-10-17-16-31-35,11/30/2016,31_453_688.00,0
Megalotto 6/45,13-35-24-01-05-34,11/28/2016,27_864_788.00,0
Megalotto 6/45,04-38-20-40-22-18,11/25/2016,24_325_556.00,0
Megalotto 6/45,23-15-35-02-34-22,11/23/2016,21_139_304.00,0
Megalotto 6/45,10-21-16-05-25-23,11/21/2016,18_096_800.00,0
Megalotto 6/45,12-45-02-18-37-32,11/18/2016,14_952_040.00,0
Megalotto 6/45,20-31-27-25-01-03,11/16/2016,11_863_164.00,0
Megalotto 6/45,15-02-18-11-16-43,11/14/2016,9_000_000.00,0
Megalotto 6/45,42-32-30-43-16-44,11/11/2016,9_000_000.00,0
Megalotto 6/45,14-07-40-15-42-38,11/9/2016,9_000_000.00,0
Megalotto 6/45,11-31-24-17-39-16,11/7/2016,44_650_100.00,1
Megalotto 6/45,30-32-21-13-20-04,11/4/2016,40_459_132.00,0
Megalotto 6/45,17-16-02-27-28-07,11/2/2016,36_623_532.00,0
Megalotto 6/45,38-07-35-22-40-34,10/31/2016,33_448_720.00,0
Megalotto 6/45,17-28-11-38-39-27,10/28/2016,30_355_520.00,0
Megalotto 6/45,36-27-15-16-22-23,10/26/2016,26_825_296.00,0
Megalotto 6/45,10-28-34-14-33-38,10/24/2016,23_693_476.00,0
Megalotto 6/45,30-19-13-08-33-10,10/21/2016,20_570_896.00,0
Megalotto 6/45,26-16-45-09-36-14,10/19/2016,17_378_900.00,0
Megalotto 6/45,07-38-29-01-03-21,10/17/2016,14_478_040.00,0
Megalotto 6/45,34-09-03-02-25-15,10/14/2016,11_498_348.00,0
Megalotto 6/45,09-28-23-37-10-03,10/12/2016,9_000_000.00,0
Megalotto 6/45,32-14-30-21-07-01,10/10/2016,9_000_000.00,0
Megalotto 6/45,37-15-20-31-28-24,10/7/2016,9_000_000.00,0
Megalotto 6/45,25-23-10-32-04-15,10/5/2016,11_398_676.00,1
Megalotto 6/45,34-28-13-40-35-18,10/3/2016,9_000_000.00,0
Megalotto 6/45,10-30-35-13-39-17,9/30/2016,9_000_000.00,0
Megalotto 6/45,19-42-07-34-25-16,9/28/2016,9_000_000.00,0
Megalotto 6/45,03-31-11-21-42-41,9/26/2016,26_820_012.00,1
Megalotto 6/45,41-32-01-03-19-18,9/23/2016,23_444_688.00,0
Megalotto 6/45,40-31-25-35-33-19,9/21/2016,20_209_216.00,0
Megalotto 6/45,10-03-22-27-41-30,9/19/2016,17_056_020.00,0
Megalotto 6/45,25-24-06-13-14-05,9/16/2016,14_024_572.00,0
Megalotto 6/45,31-07-33-35-24-13,9/14/2016,10_991_456.00,0
Megalotto 6/45,22-32-10-23-38-43,9/12/2016,9_000_000.00,0
Megalotto 6/45,22-29-36-38-27-30,9/9/2016,9_000_000.00,0
Megalotto 6/45,35-43-22-07-02-17,9/7/2016,9_000_000.00,0
Megalotto 6/45,17-12-05-11-25-31,9/5/2016,55_449_604.00,1
Megalotto 6/45,43-23-36-35-19-22,9/2/2016,50_884_392.00,0
Megalotto 6/45,26-22-44-09-42-29,8/31/2016,46_412_616.00,0
Megalotto 6/45,42-04-30-26-27-37,8/29/2016,42_570_008.00,0
Megalotto 6/45,21-08-23-34-02-28,8/26/2016,38_702_216.00,0
Megalotto 6/45,12-07-09-02-15-25,8/24/2016,34_983_996.00,0
Megalotto 6/45,04-25-15-37-28-02,8/22/2016,31_261_056.00,0
Megalotto 6/45,22-25-19-31-43-30,8/19/2016,27_619_528.00,0
Megalotto 6/45,31-08-43-11-13-29,8/17/2016,24_122_272.00,0
Megalotto 6/45,05-36-09-39-25-42,8/15/2016,20_746_616.00,0
Megalotto 6/45,39-25-16-17-05-27,8/12/2016,17_634_084.00,0
Megalotto 6/45,30-07-39-34-20-23,8/10/2016,14_723_888.00,0
Megalotto 6/45,31-15-35-16-11-09,8/8/2016,11_722_696.00,0
Megalotto 6/45,19-07-11-39-28-17,8/5/2016,9_000_000.00,0
Megalotto 6/45,40-41-29-21-03-13,8/3/2016,9_000_000.00,0
Megalotto 6/45,01-20-40-17-26-44,8/1/2016,9_000_000.00,0
Megalotto 6/45,17-05-21-41-36-09,7/29/2016,31_175_776.00,1
Megalotto 6/45,37-35-34-28-25-43,7/27/2016,27_575_160.00,0
Megalotto 6/45,04-29-36-34-40-41,7/25/2016,24_231_752.00,0
Megalotto 6/45,44-34-08-07-19-40,7/22/2016,21_082_096.00,0
Megalotto 6/45,13-19-31-08-06-14,7/20/2016,17_865_684.00,0
Megalotto 6/45,42-40-32-05-27-19,7/18/2016,14_770_392.00,0
Megalotto 6/45,27-02-20-23-21-41,7/15/2016,11_668_684.00,0
Megalotto 6/45,12-37-42-41-15-33,7/13/2016,9_000_000.00,0
Megalotto 6/45,19-42-11-27-28-03,7/11/2016,9_000_000.00,0
Megalotto 6/45,31-11-26-23-20-08,7/8/2016,9_000_000.00,0
Megalotto 6/45,19-27-01-03-02-09,7/6/2016,76_105_800.00,1
Megalotto 6/45,31-27-41-23-01-36,7/4/2016,71_827_352.00,0
Megalotto 6/45,26-45-29-10-03-04,7/1/2016,67_712_724.00,0
Megalotto 6/45,24-15-43-25-05-10,6/29/2016,63_495_308.00,0
Megalotto 6/45,17-27-24-21-20-30,6/27/2016,59_708_012.00,0
Megalotto 6/45,16-15-11-25-39-24,6/24/2016,55_966_336.00,0
Megalotto 6/45,41-24-05-36-31-09,6/22/2016,52_099_776.00,0
Megalotto 6/45,27-03-13-38-40-16,6/20/2016,48_512_584.00,0
Megalotto 6/45,01-23-17-11-03-43,6/17/2016,45_058_992.00,0
Megalotto 6/45,04-11-24-33-07-39,6/15/2016,41_458_080.00,0
Megalotto 6/45,27-42-01-17-38-41,6/13/2016,38_286_752.00,0
Megalotto 6/45,41-44-10-33-24-22,6/10/2016,35_153_224.00,0
Megalotto 6/45,25-43-20-35-33-18,6/8/2016,31_712_732.00,0
Megalotto 6/45,44-26-30-25-07-42,6/6/2016,28_547_784.00,0
Megalotto 6/45,43-15-10-21-12-37,6/3/2016,25_418_820.00,0
Megalotto 6/45,12-29-03-01-16-17,6/1/2016,22_085_520.00,0
Megalotto 6/45,15-26-39-42-02-19,5/30/2016,19_084_860.00,0
Megalotto 6/45,05-19-12-24-43-25,5/27/2016,16_205_220.00,0
Megalotto 6/45,36-08-16-45-40-10,5/25/2016,13_251_112.00,0
Megalotto 6/45,35-34-42-40-22-07,5/23/2016,10_690_768.00,0
Megalotto 6/45,08-39-12-37-04-18,5/20/2016,9_000_000.00,0
Megalotto 6/45,08-06-16-40-05-27,5/18/2016,9_000_000.00,0
Megalotto 6/45,33-42-27-06-21-04,5/16/2016,9_000_000.00,0
Megalotto 6/45,25-05-18-10-29-04,5/13/2016,15_796_816.00,2
Megalotto 6/45,11-31-04-45-44-06,5/11/2016,12_763_496.00,0
Megalotto 6/45,33-19-25-11-45-10,5/9/2016,10_093_960.00,0
Megalotto 6/45,09-40-04-07-23-42,5/6/2016,9_000_000.00,0
Megalotto 6/45,24-19-12-35-26-22,5/4/2016,9_000_000.00,0
Megalotto 6/45,03-39-27-41-28-38,5/2/2016,9_000_000.00,0
Megalotto 6/45,44-33-45-23-11-37,4/29/2016,44_258_488.00,1
Megalotto 6/45,35-17-07-26-21-24,4/27/2016,40_661_452.00,0
Megalotto 6/45,06-44-31-18-41-08,4/25/2016,37_154_644.00,0
Megalotto 6/45,07-23-01-39-20-35,4/22/2016,33_676_864.00,0
Megalotto 6/45,44-22-32-21-01-38,4/20/2016,30_137_644.00,0
Megalotto 6/45,17-21-15-20-35-16,4/18/2016,26_765_316.00,0
Megalotto 6/45,23-33-06-31-40-12,4/15/2016,23_411_848.00,0
Megalotto 6/45,07-45-44-31-30-43,4/13/2016,20_200_156.00,0
Megalotto 6/45,33-39-08-36-32-05,4/11/2016,17_261_664.00,0
Megalotto 6/45,24-35-17-06-41-10,4/8/2016,14_302_560.00,0
Megalotto 6/45,13-22-18-44-02-21,4/6/2016,11_275_636.00,0
Megalotto 6/45,41-35-24-43-37-25,4/4/2016,9_000_000.00,0
Megalotto 6/45,34-15-40-08-23-44,4/1/2016,9_000_000.00,0
Megalotto 6/45,23-15-34-31-07-10,3/30/2016,9_000_000.00,0
Megalotto 6/45,20-24-19-44-16-30,3/28/2016,32_940_388.00,1
Megalotto 6/45,44-18-19-34-35-21,3/23/2016,29_303_696.00,0
Megalotto 6/45,25-23-39-06-33-20,3/21/2016,25_838_452.00,0
Megalotto 6/45,18-02-32-11-35-44,3/18/2016,22_446_192.00,0
Megalotto 6/45,09-27-43-02-31-22,3/16/2016,18_971_380.00,0
Megalotto 6/45,15-03-25-16-24-41,3/14/2016,15_698_092.00,0
Megalotto 6/45,38-39-41-24-37-22,3/11/2016,12_663_620.00,0
Megalotto 6/45,28-25-38-36-42-23,3/9/2016,9_465_620.00,0
Megalotto 6/45,23-02-36-35-42-45,3/7/2016,9_000_000.00,0
Megalotto 6/45,22-33-10-39-16-25,3/4/2016,9_000_000.00,0
Megalotto 6/45,21-18-03-05-34-10,3/2/2016,43_376_412.00,1
Megalotto 6/45,22-03-35-27-01-32,2/29/2016,38_954_944.00,0
Megalotto 6/45,34-26-24-29-23-03,2/26/2016,34_580_876.00,0
Megalotto 6/45,01-30-31-37-09-35,2/24/2016,30_404_952.00,0
Megalotto 6/45,41-25-31-06-39-16,2/22/2016,26_468_080.00,0
Megalotto 6/45,02-41-19-11-21-24,2/19/2016,22_608_484.00,0
Megalotto 6/45,16-07-31-06-34-18,2/17/2016,18_916_072.00,0
Megalotto 6/45,31-25-20-23-36-13,2/15/2016,15_622_920.00,0
Megalotto 6/45,36-19-14-06-12-11,2/12/2016,12_426_612.00,0
Megalotto 6/45,37-23-01-43-15-18,2/10/2016,9_232_568.00,0
Megalotto 6/45,36-07-03-18-09-30,2/8/2016,9_000_000.00,0
Megalotto 6/45,01-36-15-10-08-33,2/5/2016,9_000_000.00,0
Megalotto 6/45,31-17-13-20-14-05,2/3/2016,56_442_224.00,1
Megalotto 6/45,09-14-40-37-32-35,2/1/2016,51_903_452.00,0
Megalotto 6/45,10-12-43-35-28-13,1/29/2016,47_459_536.00,0
Megalotto 6/45,09-31-36-38-42-16,1/27/2016,43_292_444.00,0
Megalotto 6/45,13-38-22-21-40-09,1/25/2016,39_868_492.00,0
Megalotto 6/45,31-43-10-27-44-05,1/22/2016,36_425_528.00,0
Megalotto 6/45,43-21-42-04-14-26,1/20/2016,32_514_040.00,0
Megalotto 6/45,35-20-24-28-45-29,1/18/2016,29_225_688.00,0
Megalotto 6/45,04-45-05-20-14-29,1/15/2016,25_834_664.00,0
Megalotto 6/45,22-29-06-27-07-42,1/13/2016,22_102_296.00,0
Megalotto 6/45,30-12-11-44-06-14,1/11/2016,19_009_720.00,0
Megalotto 6/45,37-21-39-34-19-41,1/8/2016,15_914_992.00,0
Megalotto 6/45,18-16-17-42-40-33,1/6/2016,12_466_680.00,0
Megalotto 6/45,09-31-28-43-07-15,1/4/2016,9_490_132.00,0
